Cleaned_Text;
anak the real anak setan;
mimpi temu laki ganteng bahkan siang pas tidur laki mimpi serasa nyatadia pegang tngankutp kalo hb prnhdia cium hidungny berhendus ajaya mimpi menikmatiserasa sayang gtukepalaku pegangtngan dus gtupkokny laki mimpi ganteng bgtaku tau jin pstijd rukyah baca ayat kursi qulwkt smp guru agama bilangklo mimpi laki ganteng fix jin suka;
ada nonton seru oct angkat tangan guys;
anak kembar nyata;
jin jatuh cinta berani nyentuh manusia;
kak cerita seruuuu;
kakak seru banget ceritaya;
dengar cerita dongeng dongeng romantis balut fantasi tiara halusinasi;
tindih pas tidur laki nunggu ruang posisi pintu apksaan suruh masuk nafsuuu masuk sadar mimpi jin istighfar mimpi astaghfirullah alazim alhamdulillah langsung bangun;
film erika pengantin setan persis bawa alam hamilin jin;
kasihan suami tiara;
istighfar istighfar istighfar ganggu jin ganggu halusinasi delusi;
biasaaa tiarakmu wanita bruntung;
ken mimpi tiara;
mimpi cerita dongeng baper pngn ngerasain;
ngeriiii banget;
kak cerita hmpir ngalamin beneran nyata bhkan belai sosok nyata bhkan kiss lidah sosok kasar minggu bru brani nyeritain keluarga ku obatin allhamdulilah smpe detik gprnh ngalamin jadi kya;
gilaaa siii cerita bener masuk dunia fantasy cerita bener masuk hati bangett;
kasihan suami;
seru bgtgk sadar dengerin cerita xsampe apal jalan cerita film sumalapasti keren siiii;
tolong kak lanjutmungkin bocah kembar sdpasti cerita baru nyadihubungi coba kak ngirim cerita;
selingkuh hayooo;
anaknnya anak jin gtukasian suami kalo cerita selingkuh bisa inget mimpi umur sampe skrangmungkin jin udag suka kakak tiara kecill;
nonton ulang absen;
nonton september ngerasa kasi suami;
salfok banget nadia klihatan cntik banget plis kurus tirus cantik banget look btw cerita bner nadia tiara pikir ruqyah over all sbnernya cerita gin sekitar beda si subjek sikap beda beda langsung giur ngikut ngilang deh pindah alam sadar meruqyahkan alhamdulillah selamat si tiara bingung bilang ganggu bukti cari solusi lepas kondisi bilang nikmat olah masak gugur x notice klau ancam usaha situasi bingung pola pikir kau tiara;
tiara diam susah konek pengaruh pendam apalgi suami;
kasi lki nyaa;
epik banget kisah;
nonton hadir sbanyak crta nafia omara pling epick bnyakin crta gni kak;
sumpahhhhh cerita kali tuhhhhhh kerennn dannnnn bikin saltingg sumpah ak smpe mikir ken tiara takut si kalo posisi tiara pasto takut lahh gamau gamau hdup normal;
penasaran muka anaknyagantengkah;
emng cuman ak nonton;
saran mb tiara rukiah liat wujut asli pangeranya taubat karna zinah makhluk gaib karna denger kisah kisah nyata cerita ustadz rukiah wujud laki ganteng kekar rukiah buruk wujud ukhti taubat;
anak kandung si suami pindah dunia si cwo anak si cwo pindah dunia asli the real tukeran anak;
bingung sedihh neng;
hadir nonton;
nonton agustus;
kak nadiakalau muka baby persis muka lelaki ganteng itupasti suami kenal iya kankerna suami jgk tgk lelaki itujadi reaksi suami lihat babynya itupasti penasaran g muka babynya lelaki mimpiapa suami blh terima ituaduhhpenasaran;
ganteng beneran anak ganteng jgk;
sumpah cerita seru bnget;
nonton ulang agustus;
suami sadar anak lakilaki ghaib ketemu;
nonton pikir langsung nonton ulang;
naudzubillah;
july hadir wak baper;
ceritaaa palinggg gonggg banget menurutkuuuu;
rewatch karna cerita beda;
nonton full ta tapi anak wp jenis wahhh daebakk ber word jiwa wp ku ronta nadia bangga kali nyata percaya nyata si goib uhh pada;
kabar anak gimana;
kakak nadia tolong tanyain kondisi tiasa skarang penasaran;
gamon banget kisah;
kisah seru serius sehat bahagia kak tiara anak kembar;
kakak kisah pling tarik;
serius si pria tampan kasih nama;
suka banget cerita kali kalo bikin film bagus banget;
mas move on;
kaa ceritaa bikin akuu snyum saking saltingnya denger ceritaa mimpi jadi ken astagfirullah;
seruuu banget;
nonton sekian kali epsd;
klau wujud jelek anak kembar jelekkenyataan anak kembar ganteng emng asli ganteng jelek kya gunderwo;
kak nad lanjut cerita penasaran banget;
jodoh tiara mantab wajah anak persis papa brarti gendruwo alangkah untung ngga apaapa poliandri sayang lanjoetkann;
kisah kali favorit ku harap cerita lanjut tiara anak;
ngga sadar si tiara masuk perangkap si laki beda dimensi ngga si;
merinding;
penasaran anak uda kalo anak bangsa jin tahan tinggal tau;
mimpi ketemu deket cowo wajah nama langsung lupa ingatnkejadian alami pas ketemu muka inget orngnya ganteng excited kenal mimpi cowo cowo nyata emng kenal mimpi kekgini kali cowonya kaya beda kalo bener bunga tidur cowo satu beda orng;
nonton kali semenjak video up skrng gin bosen bosen makasih kak nad tani ku;
merinding bad badan wakngeriii kaliii;
seruu benerr anjrrr ceritanyaaa kali bioskop;
gila cerita seru banget sampe replay bosen saking seru;
apa omaygatt nyangka banget ngikutin kakk naddd eps an sampe skrng ngulang cerita kali;
seru bnget;
kakak bikin film kak seru gila pakek bangett;
untung setan cakep;
seruuu banget tolong kalo bikin film bagus banget;
blum move on loh kisah berita kini tiara kasih goibnya;
cerita cuman sangaaaatttt ku suka masuk cerita wak;
suka pmbawaan narator ekspresif bikin penasaran bgmna endingnya cerita puas dengar;
jujur kali kali ulang dengar cerita cerita kesan sukar lupakansehinggakan tanya sudah cerita;
suka banget lihat vdeo kakak;
hayoo nontonnya taun sini yoo merapatt;
sstuju banget tiara rukiyah karna beda alam cinta jin turut;
sumpah webtoon wkwk;
pling favorit;
kali kakak bicara ak me imajinasi kanya langsung;
ruqyah gua langsung mikir si tiara kesengsem pangeran milih si pangeran banding suami sah pas tau hamil salah;
kak nadiacerita kali seru luar nalarjadi kepingin tau lanjutannyagimana hubung tiara suami pasca lahir anak kembar anak raja;
tiara lupa kalo suami mimpi;
tolong siapaun versi webtoon;
mimpi cwo kenal lanjut x berturutt;
merinding banget crtanyaaa tapi seruu anjayyy;
move on kak nad niat nanya kabar tiara gmna;
tolong banget nonton sampe merinding banget olah gambar pikir;
inti ngikutin bikin macu adrenalin cerita benar asa nyampai banget gimana horor kisah hidup manusia bahan muka bumi;
ihh penasaran wajh anak kembar allah moga jin jahat;
kak nad udaa nonton smua sampe ku ulang tonton;
seru banget kalo kak nadia bawain cerita hehe;
gantung si kakak nadd soalny kynya tau drmana sosok tau si tiara msh mksdny usul ny si sosok lbh jls lhoo;
mah diri kelas sd kali ajak kota dunia mewah jumpa sakit;
cerita alamin;
seruuu anjirr nonton;
berselikuh weee astagfirullah buk nyata;
anak tiara genderuwo;
takut bngetttt;
cinta sosok itudi dunia nyata adaaa;
mangu beda agama beda alam emang kisah emang seru bangat si film;
jugak mimpi gin hubung badan alhamdulillah rukiah sampe mimpi;
jga dlu srg mimpi pria ganteng ku knal srg bawak laut indah banget dn bilang pergi sllu usir bilang knal mu pergi dn jgn ganggu dn mudah an mimpi;
alami kak nad sampe beda mimpi kejar ular ular patuk orang orang lihat mimpi besok tinggal sampe diem ganggu tidur ganggu upacara habis;
hai kak mimpi gin mimpi hubung badan smpe rasa nikmat mimpisetelah situ mimpi mimpi meni kamar lelaki gemuk badan ambil cincin kasih situ cerita orang tua ku takuttt;
sampe bayangin istana;
ihh mimpi gin pacar doang mimpi berkalikali jarak;
nonton seru kalo film seru banget;
romantis kali suka kali kak nadia;
tiaraa astagfirullah ko mw sampe ajak moga jauh tipu muslihat jin setan sungguh dahsyat bawah lindung allah maha esaaamiin;
seru banget klau nadia cerita;
sakit cinta beda alam ketimbang beda agama;
berat cinta beda alam ketimbang beda agama;
bagus kalo film;
bikin cerita fantasi kak nad seru kayak kalo kak nadia cerita fantasi karang kak nadia team teman;
ad pikir kasi suami ny tiara;
sumpah cerita seru bgtt campur aduk pas dengerin kesel haru baper;
suka kkak;
cerita inget kalo mimpi ulang orang beda latar tempattapi muka orang asa ku orang samanamun mimpi kejarkejar orang usaha hindar orang lari sekencangkencangnyatapi untung ulang ulang kali alhamdulillah mah mimpi haha mah bunga tidur;
kisah ku kakak umur smpe skrngtapi stlah obat orang pintar sekrng puji tuhan ketemu laki wlau sisi berat banget ngelepasinnya;
gila banget gua gila emang gua gila banget karna ken tiara;
jadiin webtoon bagus;
orang suka mahluk halus susah menikahmendapatkan jodohtapi nikah gangguin;
so sweet banget kisah cinta ama pangeran bayang;
neng banget lihat video kakak;
kerennn mah bikin si dengar bawa cerita ikut fantasi takut neng andai nyata bahagia kali cinta pangeran;
merinding dgr cerita smpe kali;
jujur mngkin milih hidup alam kali dunia;
film pengantin setan si peranin erika carlina;
asa suami gimana;
penasaran muka si tiara gimanasama ken lihat foto tanda jari;
sereh baget suka cerita;
dapat si pria tampan emang tampan syaiton dpat rupa wujud jin manusia dunia beda islam allah swt cipta jin malaikat manusia ib syaiton mimpi tiara jin jin manusia jin milik keluarga orang tua kampung asa beda dunia syaiton milik beda jin bangsa jin;
nyesek banget suami anak ambil istri leceh turun suami tugas nafkah anak laki dunia;
kak bnr sh cuman gw kn cwo cwo sumpah mimpi lanjut lho momen mana ragu bilang nama tolong kasih tanda percaya diri hadir samping tolong percaya diri percaya diri jalan hidup penuh coba milik problem mana sidang cuman mimpi sidang lenyap kn heran sang selenggara sidang nuntut bahas waw instan bikin ingat diri mimpi lanjut suasana nyata banget rasa tubuh arti peluk batas rndu aj fuct kala sepi karna memilh diri alas lho s dah bang nasib susun temu cluenya;
rem iihh;
kak tolong gimana kasih tanda milik jin suka ku minggu ilang pudar tanda jari inisial huruf tibatiba tangan angkat sendri pas sadar tanda pas kakaku nampak sdikit komunikasi mreka tanda milik ngbuat manusia jin gabisa deketin suka cerita ckup kompleks susah ceritain sisi takut sisi gabisa dlu mreka karna proses obat masalah mreka takut ngbuat sakit kambuh parah jebak banget;
pgn lihat anak kembarny ihh;
jin dasim;
ngalamin mimpi kali kak nad mimpi datengin laki raja zaman belanda kak kulit putih bersih ganteng rambut ikal pakai baju batik warna hijau ungu mimpi duduk ku ngasih gelang perak permata warna ungu ambil gelang pakai mimpi duduk depan ngasih cincin permata warna ungu mimpi nembung nenek tinggal nenek bilang bawa untung nenek kalo nenek mah serah diaaku kalo silah kalo g paksa langsung nengok geleng tanda g g mimpiin kalo terawang orang pintar sampe suka nengokin jauh;
suka banget film;
bedoa tiara tidur jan ngayal banyak nonton drama lu;
sumpahh keren bngttt;
denger cerita kak nad mimpi pas kelas persis syukur mimpi lagitapi sampe pacar kak nad takut;
tiara uda jerat jin mimpi;
kasih kehidapan alias reinkarnasi;
dgr geram pulak tiara nie suke orang selingkuh;
ihhhh nonton ttep salting adain cerita;
gimana wajah anak kembar teh tiara;
iss penasaran muka anak kembar;
gila rem kali wak;
mantep cerita macem cerita gin epik banget;
orang tua dlu mh nama demen jin;
kasi laki woi;
crrita film pengantin setan;
nonton saking seru;
balikk kisahhh iniiii asa denger cerita fantasiiiii dunia nyataaa kakak naddd tanyaaa in kakak tiaraaa gimanaaaa ceritanyaaaa;
pernh pulang rs jam kmudian nang gatau nang henti stlh kost manggil ustdz tempel makhluk rs;
allah bapeeer;
kesini karna kangen;
anak ganteng donk;
kasihan mbk tiara kayak cinta jin enak cinta jin;
inget drama china judul the princess and the werewolf cwe manusia cwo siluman cwe tinggal dunia nyata cwo tinggal dunia ghoib si cwe culik dunia ghoib cwo smpe meni mrka hidup alam dunia nyata ghoib;
wujud asli genderuwo jin pinter ubah wujud hiiih ruqyah kak tiara anak kembar gimanaaaa;
bener cerita hayalan bingung bin heran mba nadia cerita legenda;
cerita kali seru banget;
pribadi jin orang sebelahkalo jin sosok seram maksa kalo orang belah beda goib;
kalo suami tau cemburu lagi;
percaya mimpi dtang dar bunga tidur mimpi laki laki suka sling percaya dunia akan jawab mimpi ulng ulng layak terhubuh mohon alalfatihah sja pulang tanggal februari abadi tau cerita dtang dlam mimpi akan biar tau syg egois lupa karna asa beliau cuman harap beliau langsung bicara kubur malam beliau bawa kenang habis;
indah fkirknganteng asli beza alamsiapa alami cerita samatolonglah pergi berubatjgn ambil remeh benda;
bingung selendang ikat tangan tiara lepas pas renang gimana sihh bingung lepas;
kakkkk;
suami curiga anknya mak bpknya;
mikir suami curiga anknya mak bpknya;
tiara dighosting kang ghost;
turut cerita epik dl bc novel spt sungguh sampe gamon novel bnr fantasi lintas dimensi g kaleng cerita crtnya jempol pokok;
gimana kaloo ganteng tiarnya move on;
ken tau kelaanjutan tiara kak nadd;
perna mimpi orang wajah liat tau orang suasana mimpi berdeda suasana pdktan nikah sampe tinggal rumah alhamdulillah perna hubung cerita mama suruh banyak ibadah lain sisi rukyah ulang kali alergi kulit parah dikerjain orang deteksi alergi kena picu alergi kabuh rukyah ku perna mimpi aneh ulang mimpi asing kesana;
penasaran banget muka mimpi tiara ken tiara pikir pikir takut;
bayang kalo suami tiara nonton;
kali cerita kak nadia bener bener merinding simak cerita istighfar merinding bad badan ngebayangin suasana cerita itumasyaallah kali pikir si tiara kisah mimpi hidup;
hadirr kalo pribadi percaya kasih gainkrn temen mengalamijadi mimpiin laki laindiajak pergijalandan berhubungandan kalao mimpi incar jin dijaiin istri gaib kansampe temenku bantu orang pintar putus hubung si jin biar ganggu;
kesel denger respon suami btw anak lain ato;
kisah dengar podcast klau silap dkat santaichill segment caller lupa nma caller;
nad kalo gin hukum gimana;
lanjut anak suami ghaibnya kak besar anak hasil nikah ghaib kak tolong sambung cerita kak penasaran;
energi rasa bangetttt;
air mata nonton sakit bgtt woi;
suka nonton makan rebah;
kasi ma tiara kasi suaminyajadi anak jinparah bgtt sihtiara lu pls banget rukiyah dosa loh suami karna bohong;
nonton huhuhu keren banget novel roman fantasi ihhh;
ngebayangin temu pangerantp cerita epicdan nadia cerita bayang tiaramenyenangkan rem takut pangeran asli jelma jin om wowo;
ny ak nang sedih kali cerita cinta orang dunia;
cba sosok jin hmmm romantis bngtt;
in love sgt kak cerita jmpa channel;
mantapp cerita seru kakak;
nonton bln mei cung;
mimpi cowok ganteng banget itu ulang tau ketemu dunia nyata cerita mimpi orang bilang nikah orang mimpi orang muka;
ken liatt ihh anak kembarnyaa penasaran bgtt cakep cakepp;
penasaran pgn lihat anak;
mana gw nonton nadia omara hai;
teruss tiara skrng keadaannnya gimana suami;
cinta halang dunia;
heran baper kecewa tolong kasi suami tiara lu nikah genderuwo sosok asli ganteng tmn ku nasib sampe diruqyah;
dengerin bbrp kali bosen haha cerita emang seru sangattt kerja dengerin nadia cerita canduu;
ngalamin;
salah bagus banget kesan;
woi tiara terima coy ganteng;
btw wak suami tau wajah pria mimpi anak lahir suami curiga lihat wajah anak pria mimpi;
banyakin cerita gin tolong;
kali nonton bosensoalnya cerita mimpi tahun mimpi ting suasana mimpi rasain smpe skrng;
kali nonton saking seru ngebayanginya kali nonton angkat filem kak seru nadiaomaraa;
allahka tiara hubung jin;
wkwkwk gmna masuk dunia fantasi si cowo gateng adab maksa buat senonoh sbelum hak tolong gmna baper cinta tulus;
gokillll mah romance;
lihat episode nadya kabar anak kembar mrk update percaya cerita lihat paman alm alam meni dg jin cantik al quran iblis cipta allah swt jin buruk setan peristiwa nabi sulaiman alaihissalam perintah jin utk bangun istana megah utk ratu bilqis jk spt tiara lbh doa tawaqal pasrah kpd allah swt tiara pasti sdh jatuh hati kpd pangeran ghaib hati sepenuh lepas mknya nyambung terusrukyah ngga bs lepas jk hati msh nyangkut;
hallo kak cerita lsg kak tiara dar sharing utk brcerita karna alam kak tiara tolong slam kak tiara;
asli siiiih seru kali cerita;
anak hercules half human half gods half human half jinn;
ngulang nonton x wkwk cerita rem seru bikin mikir loh;
kota saranjana kota gaib;
sekian cerita kakak nad asli epik banget smpe ku putar x persis gadis mimpi basah dg lakilaki;
kali mimpiin laki cerita fisik beda senyum suara wangi baju pakai baju warna putih terang dateng mimpi pas sakit capek dunia bangun lupa wajah wangi suara bengong bingung hilang bangun mimpiin agustus juli hitung x mimpiin pas kenal ketemu lupa kali mimpiin juli mimpi banget denger ngomong denger bilang ciee nikah nikah denger ngomong nang pas bangun nang hilang sempet mamang mimpi ku;
bosen rewatch kwh minggu nyaa;
bingung asli nyata engga real emang manusia hamil anak ji;
gilaaa cerita keren;
takutt banget ihhh tiara istifgfar ngapa tiara;
plisss seru banget kalo jadiin film;
emang indah epik sisi milik kasih gaib nikah susah;
pas ngesex si tiara nikmatin kasi suami sengaja ngga ken lepas kksih ghoibnya y karna si tiara doyannga ush sok sok ngebilang romntis bayangin posisi suami sepelein mimpi y karna emang mimpi karna si tiara lanjur engas mhluk nikmatin kasi suaminyaemosi denger kali;
tiara anjg;
karna buta mata jin ganteng buka mata bati jelek jin rupa manusia sosok manusia sempurna allah cipta lupa kak tiara baca rotibul hadad selesai magrib dzikir pagi peta ng karna ampuh benteng buruk;
nonton nadia omara kali rada percaya baca cerita gin wettpadnoveltoon dmn pokok lupa cerita lumayan gin versi singkatpadat kalo baca emg bnr ceritain detail nyabut we never know guysss;
gila kisah banget alami kaka perempuan ku dlu sosok laki tampan pakai raja dtng mimpi karna bawa kakak ku alam mimpi kakak ku sadar sadar kakak tolak karna kaka anak sosok cowok dtng mimpi julur tngn kakak ku sama untung kaka ku kalo tau kakak bkal bangun ngak sosok laki dtng ikut cahaya terang bawa dunia berpakain raja;
suami tiara;
tiaraaa wkwkw kamuu senang bingung ngelepasinya iyagak wk;
beneran gasih sumpah emg cerita gni gila expect banget critanya;
ihh penasaran muka anak anak plssss kakak tiara tolong lihatin anak anak mu;
urus gin suami tau rukyah;
bagus cerita jadi film kasi mbak tiara sampe suami tau mimpi terahir karna suami tau mbak tiara mimpi hubung pageran sampe viral jadi film gimana asa suami mbak tiara mbak tiara bingung sisi kagum banget cerita kisah mbak tiara ingin pangeran mbak tiara sampe ikat jujur suka banget cerita;
ceritaa bosen didengerin emng bagus keren parahh;
selingkuh manusia selingkuh jin moga suami tiara istri aamiiin;
gila seru banget cerita kali bingung takut salting;
omggg seruuuu iniiii;
kak tiara indonesia;
lanjut;
tim percaya;
si tiara pendam cerita jujur tolong kyairuqyah;
wak sinkron dunia mimpi dunia nyata kasi suami tiara;
smphh ak tdi nonton kakak warung bu leli durasi ny lamaa bgtt smg notice kakak nadia dn ak slm ini notice kakak nadia;
kenawhy;
rem sihjujur gasuka hantu jin ginikayak trlalu paksa manusia gitumaunya manusia suka jirr iyuh;
kak semangat;
dear kak nadia kesini nonton hehe;
bikin manhwa keren banget;
baca novel;
brati cwe pnya suami beda stunya dalam mimpi;
tau;
bor ghaib;
hidup;
lucanne woii;
kisah smp kuliah dimimpiin ketemu lakilaki tampan tampil agam santri mimpi pandang si lakilaki mimpi berani cerita pas berani pacar dunia nyata mimpi lakilaki pandang ubah marah milik milik dewasa meni dengan tampil lakilaki ubah tua mimpi terkahir berani cerita takut alhamdulillah percaya langsung bawa ustad ruqyah suruh tinggal sholat mamah doain alhamdulillah dimimpiin kalo temu orang lakilaki dekat sosok lakilaki marah ikut mana pergi meksipun dimimpiin efek sensitif bikin stress coba berhusnudzon usaha tinggal ibadah sholat fyi bapa langsung percaya aku cerita mamah lihat alami gaib cerita cerita cerita khayal hidup damping makhluk kasat mata percaya tolong allah swt apa moga hindar musibah;
rukiah saran wawak kisah tukasihan suami;
mimpi ceritain kak nadia x hilang;
keinget alami beda lihat muka sedikit tau orang tampil normal manusia pakai hoodie tudung;
moga tiara bahagia tukar anak inti suka cerita;
bahagia dengar cerita;
gue nonton;
rem y;
ngebyanginn bangetseruu poll ceritanyyaa;
video cerita epik bener anak kembar wa;
gmna lanjut kakak nad;
pikir si tiara reinkarnasi mimpi kali si raja bilang kabar kasih ku temu hmmm;
gaada inisiatif film kali nonton bosen bosen;
anak kembar ny hidup dunia smpe;
lol macem cerita webtoon;
bneran sii;
tonton;
sadar ulang in baper;
coba absen guys kisah super epick;
mah twilight bella swan pacar nikah edward kaum jin;
mimpi laki muda anak pakai sopan pake peci hadir mimpi laki tatap ku aneh ngajar ngaji anak nyata anak mimpi masuk kamar anak dalam temenmu masuk anak bilang bu aneh anak umur anak pakai mimpi;
ngerti deh terterror mimpi nyampe takut tidur gugur x mimpi suami mimpi cowo bisabisa cerita ngegali suami orang yaudah lupain bahas yaallah bisabisanya harap ketemu cowo gangerasa benci cowo yaallah tir bela lu blng lu nganggep pacar gila si gaabis pikir pikir sakit disakitin fisik tiara plis cowo mimpi lu neror lu ngambil anak lu concern lu lu stress gugur cetus tengkar suami lu film horor orang bodoh teror ttp tinggal sana maaf tiara bikin greget revisi suami bodoh trnyata si cewe emang radarada langsung cerita suami lbh bodoh denger ngajar ribut si cewe usaha cerita mimpi lohh ulang bertahuntahun bodoh revisi emang tiara radarada revisi tiara emang bodoh kesel deh luuu tuhh selingkuh bjir jatohnya setan setan skli gilaaa bingung deh like dislike gausah cerita nadia cerita keren banget sgt profesional non jugde keren nattt;
hy gyss malaysia salam kenal yh;
suami tiara tau anak anak kandung dalam mimpi suami tiara mimpi lelaki mimpi;
percaya cerita tiara kasihan;
kynya kisah nyata kalo kisah nyata suami istri aneh pst min konsultasi kyai ato ahli spiritual usaha menhawab peetanyaan mimi aneh bareng mimpi kalo normal pst konsul diem;
penasaran si tiara;
pria nama walid;
cerita anggi kalapuna om mongol anggi tolak si cowok;
suami kalo lihat gimna asa nyaa tau;
speechless cerita bilang lumayan cerita temenku pernikahanberhubungan badan suruh teman ghaibnya cari batu kristal untung teman lepas teman ghabi but teman tetep inget hiks;
lihat poto anaknyaaa;
mimpi ulang emang karna mimpi ulang kali;
baca cerita kalo mimpi laki laki sampe hubung badan jin rem banget coiii usahain kalo tidur wudhu baca doa wawakkkk;
detik suara;
team nonton th;
doa kyai;
keinget luk kak;
terkadang beda alam beda dimensi setia;
omong kosong;
merinding euy;
nonton apakabar kak tiara lanjut cerita gimana solusi kasi suami;
guys awa ganteng inget jin kelabu manusia jgn halusinasi ken jga didatengin bentuk kya pangeran watpad;
pingin bagi kisah sembunyi gondoruwo n akhirx mnjadi jaga diri gmn carax kak;
suami tiara tntang wajah anak;
plss anak ganteng;
terusperasaan suami kalo tau gimana;
film keren;
berat si tiara hati tolak hadir cwo mknnya pikir dirukiahkrna smpe hubung bgtu cwo ghoib brti ddlm hati suka cwo ghoib;
ihh suka looo;
kasi banget yaharus berani ambil resiko mbak pengantin setan itudia pilih suami dunia nyata dn bahagia;
video pertamaa nadia omara guaa tonton;
nggantung critanya parahh si pdahal rajin ibadah g ad besit utk ruqyah sadar ganggu jin anak ambil jin maaf aj kesi x suami msh brlanjut smpe parah si parahh mending pisah suami nyata kasi zhalimm;
duh penasaran tiara gimanaaaa;
gmn yoo;
naudzubilahimindzalik ruqyah tiaraaaaa ruqyahhh;
mimpiin mantan terus mimpiin dian gimana hilangin wajah pikiranga mimpi;
rate nol tambahin triliun lagiibagus banget jirr ini;
dlu sblm nikah iy banget ky pacar cwok ganteng pke baju pengantin cwok solo ganteng lbih lee min hoo pas bpku dh ninggal nikah cwok bpkku maki bilngaku ngerestui jngn bawa anakkutrus cwoknya jwb milik utuh suara wibawa banget pokok sblm nikah bnyk banget mslh bln sblm nikah ajak rumah cwok eh ibu cuantikkkkk banget mimpi diikutin suami dlu suami tmnku ponakan bilnglari cpt lariitrus nengok suami nengok cwok ganteng rumah ny serta ibu ubah jurang cwok ganteng ubah gederuwo ibu ubah mbk kunti sumpah takut tidurmau ruqiah takut sblmnya cwok banget mimpi ganteng ngjk jln ngjk main asik banget romantis eh wohhh ngeri sblm nikah yng fisik kuat jrng sakit pas tentu tanggal tibatiba banget msuk ugd x dngn penykit aneh azan magrib smpe subuh demam tinggl tindih ditampkin mcm pokok gila banget kepisikolog bilang depresi rumah bersih ibukku saudara yng nyingkirin posisi rantau diimpiin rumah kejar harimau gedueeee bngtttttttt eh ubah bpk pke blangkon bilang jngn takut ndok senyum lngsung bangun mimpi aneh;
cerita guys bangun malam bangun jam an baju bra ku buka minggu bangun jam an sorry bangun telanjang pinggang bawah baju ku tutup rapih cerita ges;
ekstrim cerita;
bawa dunia fantasi;
sungguh getar mimpi nyata;
suami nonton ntar tahu isi mimpi;
si cowok raja ini cinta tiara;
nonton dtunggu kak;
suka banget sampai bawa cerita masihh bingung hamil udahh pas hubung badan air terjun;
khayal dongeng halusinasi kronis hahabentar film kkn booming deh hehe;
maret hadir;
mbak ngasih cerita gmna;
si sosok sakit tiara sakit suami sakit;
gin selingkuh jin;
ken tau muka anak mbak tiara kasih gaib;
anak anak jinterus gmna proses kembang anak manusiasecara hubung badan jin;
brrti letak raja air terjun deket rumah nenek;
maaf cerita fantasi si kalo bener jahat banget kakak tiara sampe hasut sampe hubung badan adil suami kakak tiara maruk donk ken fantasi si bikin film sesuai percaya kisah kakak nad cerita dasar kisah kirim bener tidak kisah kakak tiara tolong kuat iman doa sang kuasa karna milik tiada hendak hendak;
seram romantis;
gedek saa tiara cerita keluarga cerita nadia omara;
so sweet banget pangeran kalo mah senang;
enak banget anak ganteng bangetjadi ken;
hasil tes dna anak kembar gimana;
kepo ama muka anak anak tiara;
ustadz bersihin tahan sampe bas;
tiara salah kak tiara memberitauh suami keluarga mimpi pergi rukiah sayang banget kak sampe kakak gugur kali cerita takut tolong kak hubung salah kakak putus hubung beda dunia;
bikin novel seru cuyy;
baperterus terbayangbayang terngiangngiang;
cerita lalu sehinggah sosok ikut;
laki mimpi tiara marah kecewa;
kalo bikin novel bagus sihhh;
gw baper sampe nang mikir kalo si pangeran green flag sampe jadiin selingkuh but creppy kalo wujud asli pangeran om ruwo mba tiara langsung istighfar kaget dahh sampe hubung badan kasih tanda milik;
nonton cerita favv seru bgtt;
allah cipta jin manusia ktnya jin meni manusia wujud manusia;
seruuuutp ngeri;
gue nang;
percaya;
kakak kalo anak dunia nyata mana;
kak nad ku cerita gin hidup nyata loh karna ngiranya novel baca novel persis giniternyata eh dunia nyata;
beneran ap bikin;
kakak nadia tiara sosmed pengin lihat anak kembar gimanaa;
anak engga tes dna wkwk;
kak kiraanaknya dmna;
seru banget film;
merinding banget;
parah suami dengerin mimpi istri jdnya istri libat jin berani cerita nyari bantu;
anak tau bapak mimpi;
guys teori angka umur mimpi kalitrus hamil kali kali gugur anak diambilada sidik jari bahunyadan kabar hamil;
cakep anaknyaaa;
nonton bayangin wajah kasih ghaib tiara gantang;
si tiara halu;
absurd banget bejirr;
mimpi mimpi kali muka pas bangun coba muka dateng mimpi pas jatuh cinta ma orang ma cowo cowo ma jauh sumpah jin sumpah resek bangettttttt gua ama cowo gua cinta anjirtttt biar pergi;
beneran novel film dahh;
tiara bodoh kak tuhan;
kak cerita tanggung;
pergi rame ey duduk ahhhhhh;
posisi tiara tahan lelaki sis nas niat lakilaki sosok jin cinta manusia tipu muslihat hukum agama hendak;
mimpi kya jlan laki sampe hubung badan;
ku cerita yahh nenek tiara mimpi nenek reaksi ah mimpi kalo mimpi terus nenek berfikir cari solusi kalo mimpi terus dunia nyata jgn anggap mimpi biasahanya bunga tidur kalo gin anak lakilaki mimpi takut cerita keluarga keluarga salah tiara cerita kalo cerita ruku jadi uhhhh bingung tiara moga tiara lindung allah aamiin;
tiara selingkuh;
tiaraegois;
halo kakaku cerita horor;
sumpah nonton cerita seru sumpahh wee kalo nyebutnya nikah memedi manusia alam anaknyaa woeeee gong banget sihh;
alamin parah alamin mimpi dg orang ulang samad cerita dg keluarga mrk percaya cuman anggap bunga tidur beda alhamdulillah gugur cerita suami percaya marah pendam;
ku cerita mimpi kak cerita bagus banget sumpah;
karna cerita kwh tayang nonton cerita tonton ngerasa cerita fiksi nyata si mbak tiara bnr bawa arus kabar gimana karna kalo disukain jin sulit lepas moga mbak tiara sadar lepas jerat tipu daya jin;
ken ngerasain pacar goib kayak dunia seru mn orang goib kykny milih;
banget kait cerita jadi apa kait nenek mimpi kait si tiara cerita nenek;
tiara mimpi jin ganteng kali datengin gondoruwo kmar woy laaahhh jgn maudzu billah suami;
suka cerita pria tampan adegan panas the best tiara;
tiara cepat mens ak mens;
ngalamin kakak tiara;
gantung banget gimana reaksi suami tiara pas lihat anak kembar plek ketiplek pria lihat mimpi kali gimana lanjut hubung tiara si pria mimpi kalo suami cerai teknis bilang poliandri;
kali dengerin podcast horror horrorhorror banget merinding cerita moyang tiara bikin janji bangsa jin jodohintumbalin turun gimana balas harta tahta apa;
kocakk jin emang penuh tipu daya percaya omong jin ngomong anggap kasih jaga asa jin suami mu kakkk;
ini kecee bangettt;
wahhh gegeee ituu kalauu film berlajutt berseason season s snya anak suami tampanya aww;
bawah bendera nengyang;
njir gua;
nauzubillahminzalik;
kalo anak anak pria ganteng brrti anak kembar cakep bisaaaaaaaaaaaaaa percaya percaya;
cerita denger sebenernya samar nama suami tonton dengar kisah ngeh cerita suami rasa mimpi moga lindung allah swt;
seru kali dongeng;
makasih kak;
penasaran banget puas gimana cerah cowok mimpi tolong ngasih tau pa ustad nenek tau pas mimpi nenek ngelarang tiara ketemu cowok pas kali mimpi nenek nyimpen rahasia sii aaa tau penasaran banget;
pacar tiara mimpi emang beneran siitpi dunia lainbkn dunia nyata like w two world;
rem banget asli merinding tengiang ngiang cerita asli wak rem banget rem cerita hantu seram asli banget rem takut wak;
cerita kakak nadia real sihh bingung;
nonton sekian kali aaaa seru;
sedih milih diam cerita keluarga kecewa kalo pikir ruqyah akan cinta laki ih sedih kakanya jujur suami;
kak nadia cerita cerita ygmiripnya umur puluh kak beda bangun mimpi janji permaisuri kak cuman mimpi kak sampe mimpi ketemu orang ad mimpi;
tiara kek menukmati nyari solusi biar lepas rukiah;
alamin beda eding ngalamin smp kls kerja ttp mimpi lamar suami ku malam suami ku lamar tidur mimpi ajak alam ajak nikah tinggal sana meni suami mimpi;
turut cerita fiktiff cerita logika aib gapernah cerita mimpi cerita angkat medsos orang nama samar;
dlu suka mimpi ketemu cowok ganteng bnget semenjak nikah jagain bnget alhamdulilah skrng ngk semenjak nikah;
nonton keinget plot cerita film nosferatu yaklo islam denger kalo minpi gin jin suka tiara itujadi jin masuk mimpi visualisasi tiara sukamakanya isi pangeran ganteng tmpt istana indah;
kakak tiara kisah angkat film bioskop pengantin setan;
ko takut plis;
expettt sampe anak dunia mimpiiii cowok ganteng;
kalo bagi cerita kak nadia giamna;
posisi tiara sllu ganggu jin;
assalamualaikum kak nadiaa omara nama ima alami beda tidur peluk cerita cerita;
mimpi kak tiara jin;
ken takut cowo gonderuwo wkwkw;
suka cerita;
kak cerita mu bikin novel bagus nikah jin tampan tiara dunia;
ih gin mimpi guys oh to be loved like thissss;
sukaaak banget nonton x bulan sumpah apapunnn;
serius hubung makhluk gaib emang anak wujud manusia beneran;
kakak lulus pondok kak tempel siluman harimau abis ngedaki ciremai pas pulang sifat keras sombong kasar gapernah solat ngeliat orang melotot rem deh pokok abis diruqiyah alhamdulilah;
sumpah cerita seru rem ples;
suami kagak curiga gmn mirip sabar bang;
cerita beneran ish greget banget tiara;
gila luar nurul;
anak bka nadia anak suami anak si hantu;
ganjel cerita mimpi selesai pas tiara nikah tengkar suami th nikah libur hamil anak kembar tahun mimpi bln maju asa;
anak ganteng;
ny rukiah;
anak asuh dunia anak dunia asuh tiara wkwkw;
langsung tiara nikmat kasih mimpi terpesna tampan;
spt;
alam tiarad usia th dtgn sosok laki mimpitp wjah laki tutup cahayaterus ulang sampe dewasa menikahktika hamil usia bln calon baby ku kembar kmbli mimpi sosok laki itutp beday mimpi sosok suami ku wanita sdg rangkul suamikulaki hnya pandang aktivitas suami wanita itusmpai bangun subuhdan aktifitas biasayktika sdg cuci hpku berbunyiktika lihat bbm msuk anak buah suamikubhwa hrs selidik suami ku tmpt dy krjakrna slma suami sdh berselingkuhdan ikutin sarannyadan trnyta bnar suami ngebonceng wanita dg msraaq ikutin smpe k kosyawalnya hnya wanita itutp knpa sprti dorong msuk k kamar kos itudan ktika mengetuktrnyta pintu buka sdikitaq lngsng msuk alangkah kagety lihat mrka sdg hubung suami istristlh jadi kdrt suamidan wanita sllu kirim santet sllu gagalsmpe suami pisah stlh anak kembar kmi lahirsingkat cerita kmbli dtgn sosok mimpi itudan x wjahy jelasdy tampantp slma laki berbicarahnya senyum sajadan ktika seorg lakitiba mimpi dtgtp marahdia tarik tangan ku xnya pergi lagikm kmnkamu milikkusiapapun hak atas tulus seperti situ berontak berontakaq mmnolak nyamembuat smkin marahtangan tdy putih mulus ubah hitam pekat kasarsorot mata sngat tajam warna merah menyalaaq takuttiba sayup dgr sprti ad orang sdg mengajiramai sklidan cba ikutin baca ayat wlw susah payahdan pelan tangan lepas bngun sdh rs tangan sprti orang kejangdan trnyta sdh rs slma minggu keluarga ku situ sdg aji;
sumpah nonton video mimpi kalo emang mimpi hamil;
ruqiah mesti anak hilang;
asa suami kalo dengar cerita;
menit;
narasumber tololllllll gw tonton bener bener tuhan anjer;
apasii tiaraa ampunn bisa hubung badan makhuk gaib;
tiara hilang delapan harikok kandung ny;
sekian cerita dengar kak nad cerita bikin kesel gamau lanjutin tonton maaf kak bener bener si tiara tau laki ghaib mimpi suami tetep diam hilang anak bener gila emg lihat komenan orang hubung badan laki ghaib kasih ghaib ampun tiara waras daya jin tersbut;
nge gantung;
kisah cerita novel si cowok nama daputa;
pas nenek tiara bentak sipria merinding;
gimana ngirim cerita kak nadia omara;
nonton pas;
suami cemburu anak ganteng dn beda wkwkwk;
kak nonton kali loh kaya ulang deh nonton seru;
plis cowo dunia nyata kyak mimpi tiara nang lo pas buat apa paksa cinta ku paksa bawa mu dunia paksa cinta ku baperrr tiara cinta scr ugalugalan;
asli rem banget siiklo tiara dirukiyah;
nonton februari gimanaa kelanjutanyyaa ada;
btw suami si mb tiara nonton ngak kalo nonton ngak bongkar mimpi akhir tiara;
penasaran;
lu bayangin cyukk suami sah si tiara;
done;
im still waiting for;
rewatch;
bikin aneh jin bilang tiara milik telusur orng tua kali janji sadar;
tunggu jelas nenek tiara jin mimpi suami bilang tiara hak eh;
gimana asa suami tiara nonton video;
pls penasaran anak;
kya cerita cocok bikin drama drakor dracin;
suami tiara nonton cerita nadia omara kaget banget iya;
epikkk kali kak nadd so far walopun cerita bagus cm bnr bs kt campur aduk ad sedih mgkin neng takjub ngeri best;
ku usia ku allah umur hidup rahasia hidup ku;
kak hubung genderuwo pake muka asli loh ngeri wei reka fix bener karna orang orang nurut laki cinta alhamdulilah sihat kak mimpi ngelawan mimpi;
dengar cerita selesai orang bunian teman orang bunian kampung persisi certa kakak nadia orang cantik ganteng pakai kyak raja;
mimpi laki kali berturutturut ngeri;
kak tiara kalo lihat komen plis coba cek psikolog psikiater ganggu penasaran banget;
lolot lu tiara ngelakuin hs mimpi gedeg banget ngedenger cerita;
pleaseepak produser bikin film toloonggg;
bgus banget cerita kali;
kak sumpah suka banget;
merinding tiara dunia;
ngrasa bayangin diceritain kak nadia;
ngeh kepala langsung istighfar;
langsung bayang kota saranjana tiara ajak kesana btw nadia lu keren abis cerita gw tiktok ampe kesini;
cerita tiara suami buset ken mimpi gin;
pantau gua nonton ulang cerita x jir;
gila kl drama fantasy seru banget;
nonton ikat jin gimana wujud asli yab;
kak tiara dar saran mending ruqyah putus hubung laki laki karna ganteng tau wujud asli sadar kak tiara hubung intim jin nauzubillah laki laki jin kasi suami kaka anak hasil hubung jinkasian suami kakak;
kak nadia ceritain hah hoh saking syok iya kak nadia tiara milih ruqiah;
pls flim drakor pls ulng ulng cerita g bosen bosen pngn cerita hidup;
sbb mimpi malam kali tidur mimpi;
emg sukain jin sampe bedain realita mimpiilusi;
gimana kabar mbak tiara hubung laki mimpi;
buset cerita wp;
merindingg sumpahhh;
ampun kaget seram pas dengarin cerita cinta mimpi;
kasihan suami mbak tiara selingkuh mbak tiara bingung nyata nolak jin maksud kalo emang mimpi selingkuh mimpi mbak muslimah tau jin bohong mbak jiwa tinggal sisi allah bkn alam jin hak mbak tiara hidup mbak maaf jujur kesel banget tuju tindak mbak tiara moga senantiasa jln allah ridhoi;
bayang sakit kalo suami tau;
penasaran laki kn jga mimpiin cowok ganteng kalo anknya cowok ganteng laki;
sdm rendah komentar kartun hawa berandaiandai mimpi hadir hidup anggap ratu dunia nyata tipu daya setan dahsyat sulap buruk cantik si pangeran tampan;
tiara dh selingkuh;
lihat foto anak si tiara kak;
penasaran hidup rumah tangga tiara suami pisah;
bikin film seru kyy wakk;
iya ihh tiara ruqiahmalah enak pulakasian suami webisa tiara selingkuh setan sampe hamil pulakesel gueee;
ad kaitanya y kakak nadia mikir si heheh;
tiara teges ah nyebelin;
nmnya gue tiara nma samar sifat gue;
tipu daya syaitan bahayaaku bilang lelaki bunian greenflag paksa tiara suka pergi kampung laki tutapi shock endingnyadia obses allahmoga dijauhkanmoga mudah urus kak tiara;
weyhh lainplot twist bikin speechless weyhhhsepatutnya kena refer to ustaz seram allah;
omakkk epikkk kali cerita percaya percaya yakan mana wak alam emng yakan;
rem bgus crtanya;
kesel tiara ngomong jujur loh heran banget orang super tutup gin luar nalar banget sampe hamil loh suami jujur kasi suami;
kalo suami tiara nonton gmna ntr tau gw panik;
ganteng donk anak;
kabarin kalo lanjut cerita wee;
bagus kalo novel;
wei tiara lu pikir cerai kasi laki tiii klu cerai stdknya kb dengar kisah teropik smoga tiara keluarga lindung tuhan maha esa amin;
th cepat;
espek anak hubung ghaib huhuhuuu;
merinding lohh;
salah ialaha tiara hubung badan;
si tiara mimpi hamil habis nonton upload kak nadia nonton kenal wawak nadia ikutin chanelnyaa tau spoiler fyp tiktok;
dimimpiin laki tampan sampe dibucinin ratu banget x mimpi lanjut ngerasa banget hilang sampe dunia nyata msih suka sedih muka keinget;
gacor wakk kalo jadi film bioskop kerenn;
ngalamin mimpi bener gambar cowonya ganteng banget cm beda mimpi istri cm istri duduk padang rumput gabisa dijelasin poko indahhhh banget tmptnya mimpi bilang cm istri pilih hamil anak;
ky nggk percaya bukti realitas sampe anak yng cowok mimpi sampe bingung ada manusia dunia emng sosok jin apa pokok nggk bepikir akal sehat;
aaaaaaa iniii the besssssstttttt;
tiara ngehe sepele;
cerita pengantin iblis adaptasi cerita;
pas kanad bilang dirukiyah gw reflek bilang ah si tiara gatal;
gmn wajahjya pria dunia suami g curiga khidupan tiara gmn hadu cerita seru banget bkn nyata tau g;
kak;
cerita favorit;
keren bnget cerita;
film pengantin setan ambil kisah nyata rewatch;
x nonton konten kerenn banget cerita gatau karang kisahnyata seru banget;
kak perna mama lela;
author tolong bikinin au plisss;
suara kak nadya suara bagus banget kalo suara cowok;
sampe ikat nad jadiin film;
otomatis pikir tulis ku bicara wihh cocok;
kali nonton iniga bosen;
sumpah seru banget;
kisah bioskop pengantin setan;
kepo tiara datengin sosok lakiitu hubung laki tiara tiara temu lakiitu mimpi terkat akibat ih tiara gue pas ketemu nanyak lakiitu hadeh;
nonton endingnya ikut sedih;
kalo drama kren;
cerita mind blowing banget anjir keren seru;
kasi suami sah salah tiara karna sadar jatuh hati kasih ghoibnya karna ganteng kali cerita fantasi banget gapercaya kalo beneran kisah nyata;
greget banget tahun mimpi ceritain mimpi x wajar tahun wajar anak anak jin;
kakak tiara cerita mu asikkk serasa dogeng sampe bawa suasana cerita;
kisah nyata;
dongeng;
kesel tiara sependem cerita suami cerita mimpi tiara nyeritain pas momen ajar tunda utara ganjal tambah sulit ganggu;
ntah mana indah gugur x selingkuh hamil anak suami blg indahkeren rasa dunia nyata wkwkk;
kak nadiaa tolong kak tiara donggg kepo lanjut cerita gimananabikin;
up tv nad;
hmpir kali wak ngulang no favourite bangett boh angkat filem genre fantasy iniii;
gntengtpi nafkhincob nfkhin jugawis betahjd melyni suami;
bunian;
gua denger cerita lihat film waaak cantik tiaraaaa;
januari nonton;
banget mimpi nyata;
kisah ngga;
baper gila;
tolong;
nonton btw ko novel baca fizzo cerita;
bingung bor temu s anak raja cm slh ny beda alam larang allah gmn lanjut btw nonton;
ganteng asli grandong;
nonton cerita inget mimpi cerita beda hadir mimpi laki nyata dlu sd tepat bilang cinta k mimpikukarena lulus sd bawa ortuku k ibukotaaku tulis surat k kampung temu pindah k ibukotaaku pulkam sampe meni laki ibukota mimpi mimpi kadang sedih aku cerita jadi teman teman suami singkat cerita tengkar suami cerai aku meni dg laki kampung si laki hadir mimpi tau laki hadir mimpi milik istri aku pilih cerita dg temu dg mantan suamikudan laki hadir mimpi meni dg suami skrgaku mimpi;
gw cinta drakor cinta komik romansa wahhh bett njayyy pen dehhh;
bikin speechlessss kobisaaaa detail wahhh gila sampe nikah dunia hamil kakak tiara gimana kondisi kak;
kak nadia coba bikin cerita gantung tiara tolong direspon plisss;
allah kau dengar doa ken mimpi;
cerita beda cewek kak;
loba waduk sia kehed;
wao rapi banget cerita sprti;
sekian cerita favorite sampe ulang kali bosen cerita dongeng gemes pas dengernya;
yng nonton;
gila;
horor;
keren banget sihhhh;
wahh banget cerita behh bangett;
hai kak tonton karna rekomendasi temenbuat cerita kakak kali alami kali mimpi pangeran mimpiin umur umur takut kakak tiara moga;
ken lihat muka anak tolong;
tiara digrooming mas gendruwo;
asa masuk cerita kak nadia;
keren banget cerita sumpahh;
kakak plis adain penasaran banget lanjut;
gue tindih mimpi dimasukin gue lsng berontak mimpi bangun nonton gue bener takut banget bkl jadi gue moga allah tolong bilang gue kalo normal gue bingung cerita ngalamin gue tau ngatasinnya;
mimpi barusan kandung masuk kaya anak suami dunia nyata deh;
cerita selesai merinding bad badan merinding takut merinding karna plot twist gilak;
suami dunia eehh kabul;
masuk akal;
kak nad tolong banget cerita sangatt gahtung;
merinding banget kisah amit sayang tiara cerita nenek nenek mimpi cb tiara cerita nenek mgkn tanggap nenek bs lbh aware n cari solusi perihal tiara diam kemgkinan cerita kakek tanggap serius tambah tiara introvert orang introvert susah banget cerita orang apalg kl tanggap sesuai harap mslh dunia gaib aku laki kasih worrynya efek sihir tambah hubung air terjun tiara kena pelet ato macam lena dunia gaib doa smg kak tiara n kluarga kecil sehat n selamat cerita alam gaib emg byk bs terima scr logika;
kaa lanjut;
ngeeh persis cerita pengantin setan bayaangkan;
dengerin pake henset kerja behhhh sampe bawa cerita;
nonton merinding;
gosiiii;
saking bagus tarik cerita sampe ken ngalamin dengerin cerita perkalikali dana vidonya ku ulang sampe ngitung umur jadi tiara ituu monmaaf denger salah hitung cerita kakak nadia umur jadi engga niat ngoreksi ngomong;
plisss;
naudzubillahimindzalik ampe kaum jin naksir gue;
seru kali crta smpe g hbis fkir crta ituu sking percaya nyaa smpe ak penasaran gmn wajah anak;
spil muka anak anak nadddddd;
hallo nonton cerita kakak dn cerita kisah alami gadis meni;
woyy kak nadd ngulang nungguh baru jam dipostsesuka loh;
sungguh serius hahaaa;
kesi suaminyaa;
penasaran suami terima anakanak muka pangeran;
ngerasain kya kak tiara beda temu sampe penasaran rasa wewek ampe klimaks bingung nyata sampe bae;
kisah nyata dongeng berbi;
greget jga ngalamin sam pas umur alhamdulillah mah sampe berani cerita orang tua cerita pas umur alhamdulillah suruh ruqiyah sampe alami aneh;
waahhhh seru banget nggk bs bayangin kl tiara smg rumah tangga suami dunia amiiieennn;
ngeri kak pa mimpi nyata;
wak ganteng anak kembar;
kak nadia lanjut cerita tiara si kembar gmn dna gmn wkwkwk kepo;
asli merindingentah asli apa ngeri aslibaru kali denger merinding kujur tubuhtapi emang manusia jin menikahini bahaya banget loh betulbetul ruqyahasli emang ganggu hidup loh cinta jin manusia level ekstremfix tiara pergi ustadz bersih ruqyahini lewat banget tipu daya jin lohih merinding asli gw ngetik sampe merinding kujur tubuh arghhh diemin yaharusnya obatin ihhhh merinding moga putus hubung denga jin takut buruk hidup;
kalo emang kisah nyata parah si tiara kasi suami;
sampa jiwa tonton rasa klimax dengar mb nadia pinter bawa suasana hati olah bawa cerita;
aaaaaakkkkkk cerita bikin melongooooo;
ambil vidio nadia up sosmed;
tim nonton;
umur kelas ngk cowok dewasa suka nak;
penasaran gimana tiara inipasti cerita kn ayok cerita tiara;
kali lihat cerita inipaling seru sihsuka bnget;
cerita bener mind blowingggg bener abis fikir aaaaaaa ngeri plus bayang plus bisaaa uji kak tiara jaga berat nikah;
lanjut sie kak;
waahhaku penasaran pngin mimpi temu pangeran;
kakak up kota ghaib saranjana;
suami gmna kak cere;
jadiii kopeee anak kembar nyaaa gimnnn kepooo akuu naad;
kuning hijau anak kembar usul upin ipin;
maaf cerita alam jgaaku kakak angkat dy jga dinikahin jintpi dy jga dunia nyata suami sdh bsaa anak suburdan trnyata jin mrngijinkan dy pnya anak suami dy inisampe diblg jin ceraisampr perwnikahn mrka cerai anakdan kakak ku dy hubung badan mimpi jin kakak ku nikmat pd suami dy dly;
gua laki laki suami sakit hati;
kak nad pingin mimpi tiara allah astaugfirllah;
doang yak;
sekian cerita suka cerita;
maaf ngikuti cerita wawak dn pling bikin ak pnasaran gmn kisah asli prnkhany mrk y maaf kepony banget;
salah besar mbak tiara temu kaum cowok ganteng mimpi suka rela paksa otomatis ikat jin nyamperin kalo mbak tiara niat sembuh ruqyah mandiri ilang yng dengar mbak tiara suka nauzubillah;
cerita seru si;
sumpah gimana suami kak nad kalo anak orang mimpi;
januari hadir;
;
sukaa;
kak tiara hipnotis ketampananny laku naudzubillah moga keluarga jauh ganggu jin jaga allah amin amin yarobalalamin;
mimpi pria ganteng banget pria smp ulang batas ketemu pas smp sekolah pas sekolah kuliah universitas pas kerja mimpi tengah pas tau mimpi tolak keras bilang pacar nyata ketawa pegang tangan bilang bilang nyata bangun kak karna pacar nelfon kalo tidur sleepcall malam saya tidur nelfon hehe alhamdulillah sampe aneh dar ngobrol;
best la tengok si nadh cerita comel je semangat cerita;
kisah kisah jawa lho;
si percaya wallahuallam yak wakkk;
kalo gw tiara ruqiah biarin cinta sampe segitunya;
salfok baju kakak nadia hijau kuning;
naudzubillahmindalik jin ganteng;
x dengar cerita laki ngerasa sakit dengernya;
seru kali dimimpiin cowok ganteng;
gimana hubung suami;
plis bikin gimana kondisi hidup tiara anak kembar;
nonton taun seru banget sumpahh otak ku ngebayangin jadi;
kakak nad emng kakak tiara gx tau suami ny kn kakak tiara nyeritain kakak nadia;
gila si perempuan selingkuh loh;
gila gmn prasa an suami;
tidur nonton nadia omara;
yaallah kasi banget;
tim nonton kak;
perh baca novel nikah pangeran alam gaib persis cerita gni;
milih orang pintar rukiyah;
penasaran lanjut tiara gimana ganggu suami;
seru banget kak nad dosa takut anak kembar otu anak jin;
cerita sedia pernh ku dengar nadia omara;
kali tau kak nadia denger lihat pesbuk nyari lgsg yt cerita blum lupain dn dnger;
plis kirim video suami tiara jir;
jin tarik orang ygt;
kak nadia seru banget cerita doa baik kak tiara suami anak moga lindung allah swt btw kak nad gimana kondisir tiara;
bagus cerita sedih banget kakak tiara;
kerja rumah makan posisi tinggal hamil bln mimpi datang ratu cinderela istana megah kasih istinanya ajak keliling tawarin bujuk tinggal bilang iya bilang iya tibatiba pangeran muka srigala buruk rupa pake baju pangeran badan bulu teriak telinga bilang tinggal kaget bangun pagi bapak nelfon suruh pulang henti kerja alhamdulillah nurut rumah cerita kalo jin tunggu rumah makan inginkn bayi perut btw kalo hamil bapak orang peka ngerti mistis tumpul bilang kalo waris mampu ajar minat tolak al fatihah;
sumpah bawa dimensi nyaa beneran disanaa bagus banget cerita;
seruu banget cerita iniiii kak tiara moga sehat;
ajak nikah cewek pake kebaya warna hijauaku bingung cwk cp sihsmpk nanyak manusia jindia jintp mimpi cm;
rasa masuk dalam cerita keren seru banget;
anakkk ganteng dongg;
ratus kisah kisah buat merinding;
tiara terima laki jdilah tiara lepas laki mimpi ku mimpi ku terima laki lantang laki mimpi ku senyum buat perna mimpi laki karna meni;
senang rem suami alam alam goib suami anak raja asa keren;
ntah suka banget crta kisah pling sukayg sring lihat brkli brsa dunia fantasiga nyngka kya gni;
endingnya romantis aga rem cinta ama cerita;
nonton h mlm th kak nad anak mimpi suami lihat paham muka laki ngga curiga suami kak sehat kak nadia;
keinget cerita salah stu tmn ngjar tante ku sring datang lki laki mmpi suaminy mninggal srangan jntung ktka s istri sdang mngandung stlh anak lahir usia ktnya si anak sring hilang tba tba wlpun rmah kndsi trknci tb tb mncul kmbli kmungkinan asumsi anak suka si lki lki mmpinya tante brasumsi kalo anak hasil lki lki mmpi;
nadia elakang mu ap pintu;
kakak nadia cerita;
suami kak tiara tau mimpi;
benerrr bangettt alami lihat muka asli datengg tidur;
kasi suami langsung mikirnya selingkuh smpe hubung allah kesel si ngapa tiara cerita lohh gada salah;
tiara reinkarnasi pangeran alam tunggu tiara manusiakarena tiara mati duluan meni tiara rasa ikat cinta;
penasaran anak kembar tiara wak ken lihat wajah anak ganteng bapa;
kisah nyata gimana siii;
komen pertama sekian video tonton cerita emg bener cocok film fantasi horrornya luarbiasa banyak komen emg bener ken ngerasain gaboleh sisi kasi suami tiara gatau moga sampe;
aaaa gin umur th th mimpi ketemu cowok ganteng kenal taman sepeda bareng sempet main sekolah nganter pulang main rumah sempet nginep ortu jemput rumah maksa pulang nang pulang nang sedih pisah inti ortu pisah paksa mimpiin sempet sedih banget inget nama roni kalo diinget rada merinding;
tolong lihat anaknyaa;
tiara nma;
kak nanyaa tanda suami tau gaa kak;
cerita mimpi ku remajasumpah laki laki datangin ulang kali ajaganteng masyaallah biasatapi mimpi dy ketindihantapi tindih hubung laki laki itupas lihat wajah sumpah pocidan takut nang karna posisi k tindih knmakan klw lihat filem horor poci takut bencitrauma;
mimpiin lelaki suka nama saikal inget nmanya saikal mimpi dunia nyataa nggk sihhh turut mimpi indahh mimpi nggk;
pas banget sabtu;
awesome;
wahh keren banget si kalo cerita bioskop mntp banget;
tiara lont moga lu cerai;
sed banget kak nadia omara kali bikin sed kak hehehe biar pas malem habis takut takut langsung nang nangissan kak moga baca;
hubung badan berat maaf;
alami mimpi ajak terbang laki ganteng wangi semerbak wangi khas ad bumi meni hilang alhamdulillah ruqyah;
plotwis suami nonton;
ganteng sii ken jumpa;
hhmm ngebayanginnya koq enak banget sampe hamil nikah;
bayang anak kalo tau anak jin;
lucu banget cra bicara;
bikin ak baper merinding;
telat;
tunang meni mimpi anak mimpi minggu meni bener gimana;
gmna suami tiara cerita kakak nadia suami tau bhwa tiara bersetebuh sosok mimpi;
cerita fizzo samapersis;
cerita alami beda mimpi mantan temu dgnya ingat ajha mimpi dgnya temu dgnya pasang hidup;
halo kak denger cerita kilas tetangga ku rumah tahun fyi beliau tinggal denger cerita alm suka noni belanda hantu mimpi hubung badan lihat noni belnda tapiiiii nenek nenek wallohualam moga alm tenang sana aamiin;
tim nonton bosan;
bilang bohong alami tiara beda cowok;
bagus banget kak kalok cerita sampaimembuat bayang cerita lampir kak nadia sosmed;
gimana reaksi keluarga ngeliat anak kak tiara bapak apalagisuami tau muka asli si pria mimpi sumpah ih guys kalo cerita aneh luar nalar dengerin kasih solusi orang suka pendam takut bikin sengsara kesi kak tiara moga kuat rajin dekat allah jauh negatif jin loh kak manusia asli kakak suka jin;
baca komennya males nonton pdhal komennya seru dll tau ngerasa sebel tiara ken ngerukiah ken gmna gtuuu hubung badan;
gilaaa ini ceritaaa kereen banget hujung tau akuuuuuu;
enak nikahin jin tampan woeeee jin jin cakep nikahin gue;
seru banget;
plis suruh tiara tes dna anak;
pls film sieeh seru banget anjir;
penasaran muka anak;
laki tiara sampe ngga tau;
si cowo pangeran alam manusia setan jin;
jujur pernh mimpi temu almarhum istri suami aqdlm mimpi dtng barang ikat pingang msh plastik almarhum istri pesan jaga barang jgn kasih kn orang pernh jumpa almarhum kenp mimpi nadia tahun llu bangun jam malam klau salh puasa heran campur bingung tlpn suami cerita kn mimpi;
merinding kali denger;
tiara gedeg banget;
kakak mimpi laki ganteng genderewo bawa ku obat ustad terahir lalak ubah wujud rem samaperempuan bilang benci karna cantik mati lupa kalo ngurung;
pagi jam pagi dengar cerita kak nadia lantai rumah emakku setrika lantai barusan banget emakku cerita kalo makku lihat tangga cowok cowok pakai sultan pake baju adat malaysia warna baju merah pinggang lilit kain warna merah pakai adat malaysia coba cari google pas dengar cerita pagi dengarin cerita gin emakku ganteng ma gimana wajah makku tau mama lihat nangkring tangga wajah lihat mama mama lihat pas indonesia lucu btw posisi makku lantai denger nonton video nadia;
kesel banget laki mimpi;
naudzubillahimindzalik ajar tebal iman mudah kena tipu daya jin setan moga hindar kak tiara alami moga teguh iman taat allah;
suka banget nonton vidio ini kakak emang berulangkali nonton emang suka bnget;
ending cerita ngegantung;
percayaatapi kali cerita banget novel app belah hehehe beda novel gd tiri ny;
ingin maki si tiara sumpah;
hidup dunia bumi dunia bener kaget bingung percaya posisi kak tiara bener mimpi bingung ngatasi gimana sehat deh kak tiara;
pingin tau coba tes darah tes dna anak kembar nurun dna waaakk;
nonton ep yng turut janji keluarga tiara bangsa jin neneky tau karna awal tiara mimpi nenek marah;
tiara gatel lu tau om ganteng;
nauzubillahiminzalik moga istri gw kak tiara goda lelaki dunia mimpi fatal hubung badan manusia dunia bayang suami gimana reaksi tau mimpi tiara;
keren cerita kak kasi kak tiara;
cerita kakak nadia donk gmn;
tiara freak banget niat pen rukiah gatal kau tiara;
banyaknyasaya alami alami alam mimpi percya mts puncak mimpi ajak nikah ritual leher gigit persis gigit ular pas bangun tidur gigit persis gigitsn ular ruqyah nyata alami banyak amalian dzikir cerita keluarga nggk percya yaudah jadi alam cerita tuang alami novel;
seru bangetttttt langsung tarik film;
kesini gara tiktok g;
sbenar laki laki penasaran denger kesal knapa tiara ruqiyah maaf telat banget nonton;
turut fantasi tulis kak;
emang anjing tiara;
full merindinggg tapi sukaa ngebayangin si pria ganteng suka pgn ngalamin guys;
takutin;
alami gabisa beda mimpi nyata mimpi pakai kebaya ulang acara nikah cengkraman tangan nafas telinga peristiwa gila bingung putus meni kali mimpi gerak badan ku buka pintu tarik gorden kamar masuk kamar orang marah tekan dada sulit nafas malam bunuh ku bawa gerak jari kaki hati baca doa bangun reflex pegang badan penuh bulu tekan dada ku nafas coba gerak jari kaki baca ayat suci alquran hasil bangun langsung lari kamar takut meni gugur x anak pulang rumah lahir anak menang kejer tidur bekas kamar gadis anak menagis pojok jendela kamar rasa takut menang bingung gatau dada sesak ken teriak;
denger cerita hilang bangun langsung hamil gmn cerita;
baca novel cerita cerita tiara cuman novel laki siluman ular mahkota biru;
suami tiara lihat cerita tau cerita cerita istri tanda jari pundak tiara kekmana asa suami tiara;
sumpah seru;
ken lihat foto tanda penisirin;
dlu ngalamin umur th mandi magrib diliatin sosok anak laki umur truss abis mimpi ajak pergi gamau ajak main mimpi ulang bawa kyai ktnya suka truss smpe umur mimpi alhamdulilah karna ngga kampung ngrantau pulang takut;
gue cerita tiara ceritain kakak nadia suami tau anak kembar laki mimpi wkwk;
ceriya nyata karang;
kali pikir gamasuk akal ko adaptasi dunia beda ntah emang untung gbisa berkatakata drama sulit tebak;
suami tiara nonton gmna asa kalo tau anak kandung anak suami tiara nonton sadar cerita istri nama samar cerita ubah;
aneh banget bilang cerita seru creapy woiii lepas ngarang beneran jadi si tiara buka keluarga cerita kakek anggap serius pilih diem bas bego akal main banget coba cerita nenek tanggap kekek kalo berhungan goib seru bahaya sampe anak jin butuh tolong si tiara sehat;
nonton malam jumat kliwonpengen tiara dunia nyata hnya main;
mimpi mimpi salah mimpi kelas sd pas selesai haid kali raja gunung emang pulau jawa;
good bnget kakk;
cerita cerita sepupu kak nama sepupu dian malam ganggu laki ad mimpi;
suka jin untung meni slah ciri orang suka jin jarang pacar suka sendiri tau koreksi kalo salah;
cerita suka seru banget sedih denger ny;
cerita turut seru cerita lucanne lynn serasa bawa dunia fantasi rem seru;
suami sadar anak laki kn laki mimpi suami;
gw nonton gilakkk seru bgtt moga lindung aamiin aamiinnn;
seruuuu;
merinding suka banget dengerin cerita;
kaa nadiaa tolong nyaa penasaran banget gimana lanjut anak mama ngga mimpi si pangeran;
makhluk cantik beracuniblis tipu dayanyasering mimpi sesat labirin hasil keluarmimpi tengah labirin jalan rumit jalan keluar sembunyi;
keren cerita bayang kalo tiara cerita nenek nenek mimpi tiara cerita nenek nenek anggap mimpi mimpi;
bermaskud apa kasi suami kak tiarauntungnya beliau taabah sabar;
real aneh kecewa tiara usaha lepas mending jujur usaha lepas jalin hubung sosok haram;
kecewa gua si tiaraa;
cerita baik nonton video kak nadia;
 slah cerita prnah baca fizzo novel ;  
cerita banget novel ku baca;
tiara dosa banget karna biar aneh banget mimpi mulu dewasa loh tindak lakuin tiara tiara nalar nul banget feeling anak mati karna mimpi aneh banget manusia nalar insting denger cerita miris banget kasi calon calon bayi kena sepah karna biar tiara kalo kata tiara lo dongo banget manusia;
sumpah apa kak nad beneran kisah benerbener mikir kisah beneran nyata halusinasi gila gila gila beneran bagus banget mikir tiara anakanak kembar tiara lakilaki mimpi tiara tiara komunikasi mimpi sosok lakilaki mimpi tolong lanjutin kisah nyesel nonton;
cuman gw doang emosi ama tiaragoblok banget gamau cerita mimpi salah coba cerita doang pdhal kn dalang balik smua gugur anjjgabisa gw sabar gw batas tisu;
nonton tiara sdh ikat si lakilaki gmna asa laki tau anak kembar lakilaki mimpi hancur sang istri milik jin lakilaki mimpi jujur suami biar solusi rukiyah;
gila dengar cerita orng obsesi;
jin kakak;
cerita indah banget seram;
suami nonton nadia omara gmn nama samar kisah tebak ngalamin;
selingkuh tetepla selingkuh selingkuh jin lucu;
kasihan suami mu tiara milik mu utuh;
seram romantis sedih;
suka baju kak naddr sekian epiini pling ku suka;
cerita hororini cerita selingkuh;
tiara jijik;
rewatch kgen;
plotholenya cerita inifiksi;
kasihan ama suaminyaa;
pas sampe hubung badan jujur kecewa banget si tiara lgsg keinget suaminyaa kasiaaan banget suami langsung diselingkuhin istri usaha anak hubung halaleh hubung si istri jin dahlahhh;
mimpi hubung badan orang mimpi kali mimpi kali gimana biar mimpi;
baju bagus;
seru banget denger cerita nge gym;
rewatch s penasaran banget gmn suami tiara dunia asli anak suami gaib;
dengar sumpah bawa dunia fantasi bagus banget cerita;
efic banget crtanyaaa bjirr kalo bikin film seruuuu;
jin takut;
baca cerita cerita difizzo noveljudulnya hamil anak pangeran novel angkat cerita nyata;
kak kabar tiara;
penasaran tiara ikat si pangeran nenek moyang janji larang batas jatuh cinta orang dunia ajar ambil cerita ganjal hidup biar solusi derita;
gw ngebayangin sunghoon ma wonyounggg pls;
cinta kali cerita kak nadia asa dengerin kawan ghibah;
gilk cerita kak nadi cerita wawakkita enddebeds;
tolonginn adeku umur th mimpi umur th persis tiara weeyyyyy bohong;
mantaaap cerita mimpi basah selingkuh air terjun mimpi nyata mak nyooos;
penasaran anak ganteng;
favorit x cerita upload sampe rewatch ulang karna seru;
mantappp mas penasaran anak beuhh keren banget kalo cerita bioskop mantap;
gilaaa seruu banget cerita kali woy;
rem banget dahh langsung tiara nikah jin gasihh;
kak penasaran tiara anak dngan ayah dunia coba kak tanyain tiara ketemuin anak ayah goib nyadan coba bilang k tiara surh ruqiah hasil ruqiah;
takut penasaran;
mendengarkanberasa nonton film ttg kerajaansemoga tiara bahagia keluargamb nadia hebat banget bawa ceritanyajadi masuk;
penasaran ama anak kembar tiara cowo ganteng anak kembar ganteng;
penasarann banget siapaaa nama asli tiaraa pngen nyari akun ig nyaa mo lihat anak nyaa;
kasihan suami;
sasimo tiara;
bener bener panasaram muka anak;
cerita novel fizzo;
absen nov;
cerita kalo dijadiin wattpad novel film seru banget njirr bayang dunia fantasi gimana;
keren banget mimpi;
bahagia sedih tiara;
nonton ceritanya kak tiara seru banget mana cerita kak kalo boleh tau;
banyak cerita suka cerita;
kali nonton kali merinding;
ampun cerita serasa nyata nyata tiara nadia cerita dg menghayati;
suka banget nadia cerita dalam;
jatuh cinta orang mimpi;
seruuu;
merinding pas sin tiara bawa denger merinding bulu kudu ku;
nonton ulang;
sampe x nonton cerita gmn nasib tiara skrang penasaran banget;
seru banget cerita kyak mmpi ku sbanyak it;
penasaran wajah anak kembar lumayan mbak kalo pangeran ganteng anak ganteng;
takut banget anak butuh donor darah gasama ayah;
cerita tarik seru banget omaygattt lopee;
cinta fiksi suka banget tolong jiwa menghalu ku merontaronta;
pesona laki mimpi ulang ulang kali;
merinding kali wakk;
bagus cerita kakak film;
baca manhwa raja denger wow ngebayangin duara cowonya pas manggil permaisuri ku aaa;
plot twist banget ngeri seru duga akhirnya;
seru cerita btw x rewacth eps gabut kalo tonton;
bagus kak;
dunia fantasi pls cerita seru rem kalo jin;
anda posisi cinta tulus;
lelaki mimpi jalang baik tiara ruqyah;
cerita cinta beda alam suka banget;
episode suka banget;
lihat vidio fb penasaran kesini kakak harap season kak;
enak mimpi;
cerita bagus kak sumpah;
penasaran ganteng anak kembar tiara;
penasaran anak;
lihat kali sumpa kepo banget cerita gimana kabar anak kembar lihat;
gegara gabisa tidur sampe laah cerita ku kalo suami kakak tiara kasih mimpi sikap dewasa langsung tindak contoh sikap dewasa tindak anggap remeh cerita kakak tiara langsung cari solusi curiga tuduh selingkuh buat kasi kakak tiara erti bantu wajar pesan suami kakak tiara kalo dengar kisah ngeh kalo kisah istri mu tolong bantu perhati kakak tiara kakak tiara kayak kakak kau lepas hubung ku wajar kaaa tahu kaa laki kau lihat tampan asli jin doa moga kau sehat cepat lepas hubung mesti kau jalan kaaa;
penasaran  mas mimpi mimpi anak normal;
kya cerita romance yagua suka;
nonton seru cerita;
sii cerita eps epik kakk bingung mimpi nyata nyata tau mimpipusing gw;
cerita tarik;
aaaaaa ken bawa pangeran;
leleh air mata;
gimana kakak nad asa reaksi suami lihat si kembar cowok mimpi;
merinding banget dengernya;
cerita ngeri hantu obsesi manusia;
tiara ganteng sabar wkwkwkwkwk sorry tiara;
gw lain wak w suka banget kisah si tiara rewatch kali ngeri baper;
aaa cwok my type;
banget lihat kak tolong penasaran banget lanjut si tiara ruaiah;
mas nonton iniiii kanatttt cerita fantasi gin dooonggg bagai manusia cinta wattpad suka bgtttt;
lanjut cerita si;
cerita diri gidik;
wih cerita ny bagus banget kak;
rem romantis;
suami tau kalo anak kembar anak;
keren;
klw jelma gendruwo anak lahir untung kali tiara wak;
penasaran reaksi suami kak tiara pas lihat wajah anak kembar suami tau wajah lakiknya mimpi;
romantis cerita dg pangeran alam gaib;
ihhh desember ulang akuuubtw cerita baguss bangettt sampe cerita boongankak nadia pinter bangett pilih cerita nyaakayak drama bangett cerita nyaa plisss;
sumpahh gua cinta dunia fantasi wow amazing keren banget baguss banget sumpah takut jugaa btw semangat kakk;
banyakin cerita gin kak nad nonton kali kali bosen;
nontonnya bayangin visual omg seru mimpi;
allah moga mbak tiara mudah urus moga orang dunia henti cinta mbak tiara takut banget;
bagus cerita kasi suami gatau selingkuh sieh anak hasil hubung mati si tiara hamil anak orang si pangeran ngrebut anak si suami dunia bagi ngurus anak si jin pangeran;
sereemm;
suka banget cerita inidbikin film rame;
keren cerita;
bener gasih cerita fantasi bgtttttp bagusss;
kaa spill foto anak ganteng turun darah biru;
nonton agustus seru si cerita asli imajinasi kalo kak tiara karna cinta pria tampan moga sehat kak tiara wak nadia moga lindung allah;
bikinin filem gaa;
kalo cerita gin jm stay kak nad seru rem yaudahlah selagi hantu ku taro hp muka kalo hantu cerita ku taro hp belah tetep suara ku kerasin biar dengar cerita;
lagilagi nonton suka banget cerita kak tiara kak nad ada cerita setan ganteng gin request kak;
kalo jadiin drama korea seruu bikin baper si;
wow cerita seru banget bikin penasaran lanjut kak nadia;
merinding banget khe beda;
kak tolong cerita suka ku cerita kak nadia;
cerita keren denger;
kisah seru serius sehat bahagia kak tiara anak kembar;
bagus banget kak suka;
bikin drama drama korea;
gua bayangin si laki karakter webtoon;
bilang romantis yaih gemes ken pngen ngalamin tiara wweeeeee rem tau coba nonton film pengantin setan sisi rem;
keren banget cerita wattpad;
moga cerita keren bged pingin tau kak tiara asli kak tiara sapa dongg;
gila tergilagila baget gue cerita luar ekspektasi dengar cerita suka film berkatakata;
seram siii seru;
sumpah baper smaa ngeri ngeri merinding bayang klw posisi tiara cinta pria tampan;
ketemu video nonton lagi masih suka;
wajib bikin film cerita ayo bantu up;
saking fantasi sperti filmsy mkir andai laki mimpi;
gila merinding banget cerita;
kisah seru;
senang denger cerita;
sumpah nonton cerita bener epik banget angkat film bgus deh kyknya bener bagus banget;
bnyak bnget plowt twist nya suka banget;
bener banget dunia mimpi emang seindah setenang;
nama anak ku kak tiara;
lupa nonton;
ketemu cowo gaib supirnya bawa uang asli penuh peti kaki nanjak dasar mobil wujud manusia syarat nikah layan indonesia raja disingaura melayu cina heran bicara tatap keluar mutiara mulut mutiara ngobati sakit apa langsung ku tolak mutiara pikir sulap wallahu alam;
nonton;
mikirnya cowo ganteng anime;
kabar suami kak tiara gimana tau anak pangeran pliisss;
lengkap kak endingnya anak kembar muka pria mimpi kak bgmana tanggap suami suami tau pria mimpi pria mimpi tiara;
njir novel fantasi;
tiara nenek deh mimpi kali nenek cegah tiara ajak pangeran mngkin kait nenek kali;
untung horor;
ingin lihat anakkknyaaa;
patut tiara diruqyah dapat malaysia famous ceritacerita tambah kisah kisah orang bunian panggil malaysia jadi kisah orang bunian masuk mimpi wujud alam nyata orang sahaja nampak utama hijab buka perkara orang hilang bulan tahun jumpa potensi selamat dunia nyata sahaja;
gimana kabar si cewenyaa kak sampe skrng mimpi cowo;
cerita percaya cerita percaya kwh kodam cimiwiw;
cerita dongeng dengar ustad manusia suka cinta jin jin segan cerai hubung manusia ngeri kali jin suka manusia;
tiara suka jin;
umur ny tiara umur ku;
typo dikit ngaruh;
ngumpul;
tiara bujang;
hai kak nadira alami tiara;
cerita dunia beda saranjana daerah situ;
genderowo;
mimpi ulang awak derita cerita ku tidur mimpi sekolah marah bangun pergi sekolah marah guru ku mimpi ku;
ingin mimpi gitutapi takut asli gendorowo;
tiara hoki apes cinta pria dunia beda asa suami;
mimpiin laki laki kalo mimpiin laki laki pas bangun tidur ny badan ku sakit minggu mimpiin laki laki laki ajak tobat nang tobat tau tipu daya emang beneran tobat btw anggap laki laki mimpi ku hibur muka ubah ubah;
pa jin biar;
lahir anak mimpi cowo ganteng banget liat sayang bawa bilang kasi sedih mimpi nolak suami anak;
serba kasihan kasihan tiara pangeran cinta beda nasi kasi suami yaudah la emang bener suami tir;
kak nonton kakk suka horor kakak malam jumaat;
kandung normal cepat labhirnyatrus tanggap suami anak kembar laki dalamn mimpi suami bertemunlaki it dlam mimpi;
kakak nadia ceritain publik rasa like suami nonton tengkar;
kakak spupu;
bahas kota gaib film sama bcl ari lasso band jebak sana rem banget nonton film asli ngeri nonton film fiktif belaka vs fiksi ilmiah;
cinta milik;
anak normal;
kalo narasumber nama samarin nama narasumber palsu asli;
apa mimpi gin rasa mimpi asli tempat rumah karna ku gubris ku dengar bicara ku acuh orang alhamdulillah;
dengar nonton youtube kakak ara hamil g denger horor eh banget lihat lihat konten kakak hhhh kangen obat;
cerita salah si istri susul si suami mimpi berkalikali mimpi cerita ruqyah suami pas tau istri mimpi si cwok mimpi nggk nyaranin ruqyah fix si istri doyan cwok mimpi nikmat pandang heran inti doyan ajak si cwok pulang eh air terjun bawa suasana si istri nggk lurus niat tubuh anak dunia mimpi nyata si istri doyan cwok mimpi ganteng biar lusuh kalo ganteng doyan nggk usaha ruqyah nikmat jadi kn;
novel judul kinanti dunia;
keinget gin ajak rumah ehh pas sadar tangan tarik kakek kakek ntah datang pas sadar posisi ujung jurang;
cerita cerita hidup mimpi ku sampe umur anak;
ngalamin versi anak;
si tiara;
berrti lagu tiara benernya;
malam mimpi ingat klw ku mimpi pagi itu jarang curiga hidup alam;
iya zaman rosulullah ketemu jin ganteng jelek gatau gimana hadap allah subhana hu wataala;
salah jin nikah manusia;
heyy ntah percaya malam tidur sampe jam malam nyoba rileks pikir biar cepet tidur dg bayangin elus dahi ku jari lentikeh tb video muncul fyp tiktok ku pas dengerin cerita ngalamin wkwk pas;
brti tiara suami;
orang bunian nama kalo sumatra barat kak;
gua;
cerita novel baca moga kak tiara sehat;
air terjun;
alami mimpi dunia nyata bau wangi;
nonton sekian kali smua tonton;
guys bilang cerita ngarang masuk akal lh salah soalny ak posisi cmn mimpi ny kuntilanak malam mimpi takut banget ceritain keluarga percaya nanya ustad pondok percaya;
angkat tangan;
cerita fantasi bagus cuman sayang karna tiara hubung pria muhrim bisa kandung anak orang moga tiara keluarga suami lindung marabahaya;
kakkkk cerita cerita akua mw kngsi;
bole kaa cerita kisah mw;
nonton podcast denni sumargo kisaha persis gin;
cerita cerita novel baca difizzo novel persis nama samar alur beda cerita kak nadia omara adegan meni novel ku baca adegan tiara usia tempat air terjun;
kristentapi mimpi cowoktapi beda kondisi kamar;
cerita wawaq omara palinggggggg luarr nalar sngat susah tebakkantara percaya tdakkkk hubung antra dunia mimpi nyata allahhu alam;
aku gadis mimpi keyemu cowok ganteng mulu toi muka ingat mimpi ulang kali smnjk mnkg mimpih;
cis nonton jarang komen;
update baru re watch jadullll;
ceritain publikemng suami tau anak;
gue pas dateng slalu ketemu cowo mimpi kali kali pokok mimpiin cowo slalu besok haid;
buat sampek;
film saranjana beneran kampung saranjana btw nonton;
hmm mgkn pangeran negeri saranjana kali;
cerita jin jahat paksa ceritain mama alami teman mama cerita mama ku kasi tante;
ingin tahu tiara dunia asli kira kira;
cerita si tiara cerita oma anak temu ayah dunia;
mondokaku mimpi sosok cowo ganteng hadir mimpi ku mmioikan padhl cowo mimpi kawan sekolah kampung lagitpi sllu hdir mimpi ku itudimimpi sedihrindu tangisseperti deja vu disituaku dunia milik dua sllu cerita tmn akukta mrk hnya bnga tidrjd terllu peduli stelah meni dg lki plihan ortukuaku mimpi dg diatp mnikh dg pilhn diaentah apa mksud mimpi berhrp tidk akn mimpi lagitp msih hdr;
btw wattpad;
keren ambil kisah alam n tahu ntuk dunia;
kadang percya kisah orang lihat hantu orang gaib muncul karna ustadz orang gaib jin hantu muncul alam alam ikan hidup alam;
genreny dark romance;
tidur baca doa;
tawar production house film kak nadia omara bagus bikin film romantis lihat video kali kali imajinasi sbgimana kak nadia cerita sgt runtun alur jgn lupa ijin kak tiara;
sumpah allah mimpi umur alur beda jadi kamar skrng pindah kamar abang nikah mimpi horor sensitif sampe skrng alamai usia meni ngerasa janggal kali laki skrng jomblo laki sllu tinggal ingin rukiah bingung mempan ngak ingin up cerita dsini malu bnyak sensitif;
jin rukiyah memangaq mimpi suami manja n main main serupadahl suami samping syatapi respon terllu lebih smpai mesra ranjang tau kalo mimpi suami disampingkuklo mimpi aneh dn berklanjutn memng alngkh baik jngn direspon ditnggapijngn keeplosan kalo kau sadar bhw kau mimpi;
pliiss ceritaa nyaa ceritaa fizzo novel judul nyaaa kinantikaliann haruss bacaa guysss;
wee june kabarin kalo;
suka cerita tpiko iya;
kak bagi kisah horor;
gimana kirim cerita kakak nadia omara gw pgn cerita tau;
dunia beda;
jomblo sering dighosting pilih makhluk ghaib drpd manusia kalo beneran setia sesoft threat;
coba psikoloh;
ehh nama ku;
tiara kak dua;
tiara polos lahir;
kalo tidur ambil air wudhu kasur sih kasur dg baca doa ayat kursi tidur lupa baca doa insha alloh tidur aman ganggu setan;
mimpi bginii cowo kuda warna coklat mimpi cowo mimpi g bicara diem senyum gtau tbtb g mimpi yauda smpe situ;
bayang kalo suami host ampun deh bawel;
tau kalo jatuh murah;
si tyara kaji kaji agama sadar tipu daya jin setan nyata satu milik hubung asli sadar wew pilih lanjut hubung dunia dg suami lari dunia mimpi rasa nyaman sadarrrr moga tyara lepas rela ruqyah apa hati tyara rela lepas dg;
aneh kali anggap cerita wholesome bagus si tiara masuk selingkuh makhluk responnya pukau bilang orang cowok selingkuh ajar cewek slingkuh gapapa gimana;
kasihan suami asli;
gila masuk selingkuh berat kasi laki;
sumpah pas dengar tiktok pikir mana cok abis pikir sedih marah kecewa gini guys emang kasihan pangeran kasihan suami nyata kecewa tiara setia;
kaya tiara buta deh rukiah tiara nggk bener kaya;
gamungkin kalo jin tubuh dg manusia sampe hamil ngerti gimana sampe hamil anak tiara berhub bdn suami suami rasuk cowo kalo sadar disamperin mimpi tiara terima si cowo bs langsung hamil biar si tiara keluarga tau hamil si cowo nyamperin situ tiara terima kaya tiara mimpi diingetinget;
kadung nikmat permaisuri ghoib lupa utk rukyah cerita seru jatuh kasi lakiknya bilang selingkuh kenyataanya mimpi mimpi beneran dunia loh beneran case kasi lakiknya;
cerita fiksi;
masalah tiara buka hati lelaki ruqyah;
cerita mimpi sampek hari berani tidur takut mimpi;
cerita horor dongeng;
istighfar baper jin woi muka ganteng apa nama jin ubah ubah bentuk amit ngalamin gin mending ruqyah langsung pake baper salting an;
nauzubillah min dzalik lindung mu allah jahat mahluk mu aminaminallahumma amin;
ampun setan cinta ugalugalan;
allahhh tiaraa tiara;
khianat;
kalo suami tau sakit hati banget langsung si tiara selingkuh sampe anak loh habis pikir jalan pikir polos dongo;
tega bangat anjingggg mikirin suami;
hayolo tiara;
bingung ganteng apa jin ngomng jin ambil anak gugur loh gagara lalak jin hubung badan sgla ampun;
kasihan suami;
mimpi sampe permaisuri;
greget bnget knpa cerita orang hih coba rukiyah greget bnget aduh;
kli nonton cerita ku pikir reaksi suami ny dunia nyata lihat anak laki padahalkn suami laki orang mimpiin;
tiara kocakkk nikmat tampar kau tiara;
gilaaa;
x dengerin cerita tetep greget suami suami ko ngga dukung istri ceritain istri cemburu endingnya antem greget banget apaaa salah ciri patriark cowo dominasi gimana ngga meleng cowo mimpi suami rl coba kau si suami dengerin pecahin bareng mimpi ulang agama berat emang ngga wajar kalo ngga percaya gaib minimal anter psikolog diceritain endingnya ngga bahas bom;
halu hehe maaf kak in my opinion kak tiara ngehianatin suami kasihan suami;
tiara jahat yahh mikiran suami;
kak tiara takut video liat suami kakak;
sekian komen nebak kalo cerita setting percaya begitu cerita masuk akal banyak cerita anak jin anak perut tinggal lahir;
dengerin tig kali amat tiara gatal;
anak jin;
gatel banget nyuruh tiara ruqyah;
kasihan laki;
greget banget tiara anjayy;
selingkuh turut kalo sadar ruqiah cari sembuh suapaya ganggu kasihan suami dibohongin batin;
fiks disukain jin jin ganteng lihat ganteng manusia nama jin bentuk proporsional alias aneh;
naudzubillah moga hamba adekku jauh aamiin allah;
absurd klok orang awam langsung ruqyahyaallah mind blowing kakak tiara moga dilindungin allah swt;
yaampun ngeri banget cerita iya cerita keluarga mimpi kali kali mimpi hubung badan hamil yaallah nauzubillah;
tiara agama islam tau ttg jin agamaislam gugur x malaysia ruqyah ajar kitakalo mimpi bener ustad ruqyahcueknya tiara bahaya lho allah astaghfirullah tiara seintrovert manusia tiara juga curhat ustadz ruqyah pas dewasa jujur sebel tiara iniitu tipu daya jin allah astaghfirullah tiara;
jin maksa nunggu cewenya suka seram cowo cowo dunia nyata cerita creepy sihh;
harusdi ruqiah itu bangsa jin;
kak tiara mending ruqyah takut adaikatan jgn sperti orang jin jin tinggal dunia masuk alam kubur tinggal brsma fi alam jin;
nonton jijik banget tiara cewek komen gw cewe lu baper jahat loh bikin gugur mentang ganteng langsung rahim lu anget wujud asli rem itungannya selingkuh eww kasi banget suami lo mending lo cerain laki lu deserve better;
tiara dighosting kang ghost;
tiara parah bngettt;
dengar ustadz zulkifli pasang suami istri beiau cerita istri nafsu suami istri datang pria tampan slalu hadir mimpi tubuh mimpi istri ruqiah ustadz;
fiktif kalo bener takut suami kalo cerita sampe telinga suami;
tipu daya iblis;
jujur pas kali nonton pas up wahhh seru yatapi nonton ulang ngeh gila banget cewe jujur kecewa kak tiara mikir bilang penghianatan suaminyabayangin suami nyariin pas hilang eh istri selingkuh makhluk gaib plis baper plis istighfar dehkalian banyak haluaku baca webtoon heran ken ngerasain tiarahey setan kalo berhayal wajar lahkalian liat banget orang ken ngerasain mc ceritahelooo dunia nyata cerita cerita novel dll bikin orang gila ken per utama dunia nyata yaaaaa plisss istighfar islam;
menit cerita mirip ku alami beda temu lakilaki mimpi ku ustadz bantu obat ku kena sihir si mantan tunang beliau difikirkan pikir moga jawab ambigu nyata mimpi ku sedih selisih suamidalam kerja rindu rindu rindu rasa menang sedih kecewa suami;
kekmanapun jin tiaraaaa istighfaar sampe anak nampaknua cerita indah ttp jin;
kalo karang pls kecawa cerita manhwa pls ngebayangin duke pangeran ganteng banget;
percaya beneran sumpah;
gin anggap bunga tidur;
nonton vd karna ngalamin kak tiara mimpi cowo tau wajah pakai mimpi emg gapernah ngajak ngobrol gmn mimpi bangun slalu ngerasa kangen ngga berani cerita mimpi bbrp pria datengin bilang jauhin pria ngobrol;
gimana suami tau anak;
apa tiara;
kak tanggung telat jemput ibu pulang kerja dimarahin;
jujur gw kasi ama lakiknya kalo diceritain gakan percaya gimana kalo laki ngeuh kalo yangbdicerita istrinua syok;
jujur kasihan suami kalo suami tau kecewa berat tiara g pilih ruqiah;
bisa hubung badan pikir suami;
emang ruqiah nauzubillah dekat allah swt nauzubillahiminzalik;
asa obseeed sumphhh cowk gaib;
kalo suami tau gimana rasa apalgi brani up nadia tau konsekuensi;
mimpi cerita detail mungkin imajinasi tiara;
ku salah si tiara ganggu mimpi wajar si tiara nyari orang pintar putusin hubung si pangeran;
istri waras laki waras nenek waras fyi ngetik gin ngetik bilang istri waras karna istri buka terang keluarga bilang suami waras karna istri sdh ngasih tau suami spele istri bilang nenek waras iya waras tiara munculin laki usaha ngomong suaminyakakeknya tiara ibu tiara bpk tiri tiara sima cerita kak nadia kayak nenek tau sosok laki tiara hilang apart nenek ngelarang suami ngelapor polisi karna tiara hilang sdh sangatjanggal inti pyur salah tiara nenek suami tiara terlau sepele suami berfikir dg jernih mimpi tiara sinkron banget tiara suami mimpi difikir logis tiara nikmat buka ibu buka mulut orang bnr waras bawa hidup si cowok detik mandi air terjun pria nalar masak ngeh ketemu dg basah kuyup nyambung banget mimpi harap suami baca biar istri bawa ustad biar ruqiah suami intropeksi karna dg tenang istri mimpi;
nonton ulang dlu pas umur mimpi kali cwo beda langsung cerita orangtuaku tiara diam cerita kakek doang dlu langsung doa bersih hey jin tiara kena tipu daya jin hemmm;
ihh beneran gasii kalo emg beneran anak kembar gimana sampe kasih tau suami keluarga ttg mimpi hubung badan;
mimpi dekat laki lakitpi mimpi beberp laki laki dekat akutpi neng kama takut suami mkny kalo mimpi waspada;
si wak bawain ajhkag bacot biar enak denger;
kasi banget suami allah;
tiara bungul iman lemah ruqiah;
takut mimpi laki ganteng banget datengin;
astaghfirullahalazim sukar percaya tiada mustahil allah;
maka kalo tidur pasang alarm;
perasaanq campur aduk dengar kisah takut iri sedih stres tiara;
takut gini kak nad si kak tiara ruqyah bikin lupa putus hubung si pria si kak tiara diamdiam maaf spekulasi liar gila ku ambil hati si kak tiara diam diam momen temu si pria nikmat karna setan jin kak nadia;
bener cerita gini jin ganteng asli genderuwo buto ijo ngeri banget;
mbak tiara knpa kali kau gercep ustadz orang ngerti agama kau mimpi datang pria betah kali kau wak kasihan denger cerita;
gimana gimana umur tiara tiara bs skip ultahnya ato tiara bohong;
dengerin cerita tiara tanya tiara curiga mimpi jin jin manusia bs satu beda alam salah mutusin hubung ruqyah syariyyah dekat allah sholat sunnah zikir pagi sore baca quran istiqomah bs dekat psikologi ustadz faizar kmren podcast densu tiara cinta jin hubung suami istri ruqyah kluar tanah coba deh tiara ber obat kasihan suami anak anak biar lbh tes dna anak suami tipu daya jinsyaitan rela nikah manusia;
jin bahaya akhirat;
sepsnjang nonton bilang coba tiara;
aneh klian pd pecaya cerita kalo emng nyata;
logis;
kisah halu wawak;
telat taun nontonnya kecewa endingnya maksud tiara meni dengar dengar kisah posisi tiara milik suami dunia nyata kasi suami ujung tengkar tiara cerita salah tiara anggap sosok pacar tiara kisah tiara dengar kisah ambil ajar kuat iman mudah buai hasuran jin setan berani cerita;
ngeri ih hamil amaa jin;
kasihan perasaan suami gelisah pikir;
kyknya cerita karang mbak;
sa mba nad tiara benci kali;
emang anjing tiara;
kecewa gua si tiaraa;
