Cleaned_Text,label_prediksi
anak the real anak setan,positive
mimpi temu laki ganteng bahkan siang pas tidur laki mimpi serasa nyatadia pegang tngankutp kalo hb prnhdia cium hidungny berhendus ajaya mimpi menikmatiserasa sayang gtukepalaku pegangtngan dus gtupkokny laki mimpi ganteng bgtaku tau jin pstijd rukyah baca ayat kursi qulwkt smp guru agama bilangklo mimpi laki ganteng fix jin suka,neutral
ada nonton seru oct angkat tangan guys,neutral
anak kembar nyata,positive
jin jatuh cinta berani nyentuh manusia,negative
kak cerita seruuuu,positive
kakak seru banget ceritaya,positive
dengar cerita dongeng dongeng romantis balut fantasi tiara halusinasi,negative
tindih pas tidur laki nunggu ruang posisi pintu apksaan suruh masuk nafsuuu masuk sadar mimpi jin istighfar mimpi astaghfirullah alazim alhamdulillah langsung bangun,negative
film erika pengantin setan persis bawa alam hamilin jin,neutral
kasihan suami tiara,negative
istighfar istighfar istighfar ganggu jin ganggu halusinasi delusi,negative
biasaaa tiarakmu wanita bruntung,neutral
ken mimpi tiara,neutral
mimpi cerita dongeng baper pngn ngerasain,negative
ngeriiii banget,positive
kak cerita hmpir ngalamin beneran nyata bhkan belai sosok nyata bhkan kiss lidah sosok kasar minggu bru brani nyeritain keluarga ku obatin allhamdulilah smpe detik gprnh ngalamin jadi kya,negative
gilaaa siii cerita bener masuk dunia fantasy cerita bener masuk hati bangett,negative
kasihan suami,negative
seru bgtgk sadar dengerin cerita xsampe apal jalan cerita film sumalapasti keren siiii,positive
tolong kak lanjutmungkin bocah kembar sdpasti cerita baru nyadihubungi coba kak ngirim cerita,positive
selingkuh hayooo,negative
anaknnya anak jin gtukasian suami kalo cerita selingkuh bisa inget mimpi umur sampe skrangmungkin jin udag suka kakak tiara kecill,negative
nonton ulang absen,positive
nonton september ngerasa kasi suami,negative
salfok banget nadia klihatan cntik banget plis kurus tirus cantik banget look btw cerita bner nadia tiara pikir ruqyah over all sbnernya cerita gin sekitar beda si subjek sikap beda beda langsung giur ngikut ngilang deh pindah alam sadar meruqyahkan alhamdulillah selamat si tiara bingung bilang ganggu bukti cari solusi lepas kondisi bilang nikmat olah masak gugur x notice klau ancam usaha situasi bingung pola pikir kau tiara,negative
tiara diam susah konek pengaruh pendam apalgi suami,negative
kasi lki nyaa,neutral
epik banget kisah,positive
nonton hadir sbanyak crta nafia omara pling epick bnyakin crta gni kak,neutral
sumpahhhhh cerita kali tuhhhhhh kerennn dannnnn bikin saltingg sumpah ak smpe mikir ken tiara takut si kalo posisi tiara pasto takut lahh gamau gamau hdup normal,negative
penasaran muka anaknyagantengkah,positive
emng cuman ak nonton,neutral
saran mb tiara rukiah liat wujut asli pangeranya taubat karna zinah makhluk gaib karna denger kisah kisah nyata cerita ustadz rukiah wujud laki ganteng kekar rukiah buruk wujud ukhti taubat,negative
anak kandung si suami pindah dunia si cwo anak si cwo pindah dunia asli the real tukeran anak,neutral
bingung sedihh neng,negative
hadir nonton,neutral
nonton agustus,neutral
kak nadiakalau muka baby persis muka lelaki ganteng itupasti suami kenal iya kankerna suami jgk tgk lelaki itujadi reaksi suami lihat babynya itupasti penasaran g muka babynya lelaki mimpiapa suami blh terima ituaduhhpenasaran,positive
ganteng beneran anak ganteng jgk,negative
sumpah cerita seru bnget,positive
nonton ulang agustus,positive
suami sadar anak lakilaki ghaib ketemu,neutral
nonton pikir langsung nonton ulang,positive
naudzubillah,negative
july hadir wak baper,negative
ceritaaa palinggg gonggg banget menurutkuuuu,positive
rewatch karna cerita beda,positive
nonton full ta tapi anak wp jenis wahhh daebakk ber word jiwa wp ku ronta nadia bangga kali nyata percaya nyata si goib uhh pada,neutral
kabar anak gimana,neutral
kakak nadia tolong tanyain kondisi tiasa skarang penasaran,positive
gamon banget kisah,positive
kisah seru serius sehat bahagia kak tiara anak kembar,positive
kakak kisah pling tarik,positive
serius si pria tampan kasih nama,neutral
suka banget cerita kali kalo bikin film bagus banget,positive
mas move on,positive
kaa ceritaa bikin akuu snyum saking saltingnya denger ceritaa mimpi jadi ken astagfirullah,neutral
seruuu banget,positive
nonton sekian kali epsd,neutral
klau wujud jelek anak kembar jelekkenyataan anak kembar ganteng emng asli ganteng jelek kya gunderwo,positive
kak nad lanjut cerita penasaran banget,positive
jodoh tiara mantab wajah anak persis papa brarti gendruwo alangkah untung ngga apaapa poliandri sayang lanjoetkann,positive
kisah kali favorit ku harap cerita lanjut tiara anak,positive
ngga sadar si tiara masuk perangkap si laki beda dimensi ngga si,neutral
merinding,positive
penasaran anak uda kalo anak bangsa jin tahan tinggal tau,negative
mimpi ketemu deket cowo wajah nama langsung lupa ingatnkejadian alami pas ketemu muka inget orngnya ganteng excited kenal mimpi cowo cowo nyata emng kenal mimpi kekgini kali cowonya kaya beda kalo bener bunga tidur cowo satu beda orng,neutral
nonton kali semenjak video up skrng gin bosen bosen makasih kak nad tani ku,neutral
merinding bad badan wakngeriii kaliii,positive
seruu benerr anjrrr ceritanyaaa kali bioskop,neutral
gila cerita seru banget sampe replay bosen saking seru,positive
apa omaygatt nyangka banget ngikutin kakk naddd eps an sampe skrng ngulang cerita kali,positive
seru bnget,positive
kakak bikin film kak seru gila pakek bangett,positive
untung setan cakep,negative
seruuu banget tolong kalo bikin film bagus banget,positive
blum move on loh kisah berita kini tiara kasih goibnya,negative
cerita cuman sangaaaatttt ku suka masuk cerita wak,positive
suka pmbawaan narator ekspresif bikin penasaran bgmna endingnya cerita puas dengar,positive
jujur kali kali ulang dengar cerita cerita kesan sukar lupakansehinggakan tanya sudah cerita,positive
suka banget lihat vdeo kakak,positive
hayoo nontonnya taun sini yoo merapatt,negative
sstuju banget tiara rukiyah karna beda alam cinta jin turut,negative
sumpah webtoon wkwk,positive
pling favorit,neutral
kali kakak bicara ak me imajinasi kanya langsung,neutral
ruqyah gua langsung mikir si tiara kesengsem pangeran milih si pangeran banding suami sah pas tau hamil salah,negative
kak nadiacerita kali seru luar nalarjadi kepingin tau lanjutannyagimana hubung tiara suami pasca lahir anak kembar anak raja,positive
tiara lupa kalo suami mimpi,neutral
tolong siapaun versi webtoon,positive
mimpi cwo kenal lanjut x berturutt,positive
merinding banget crtanyaaa tapi seruu anjayyy,positive
move on kak nad niat nanya kabar tiara gmna,neutral
tolong banget nonton sampe merinding banget olah gambar pikir,positive
inti ngikutin bikin macu adrenalin cerita benar asa nyampai banget gimana horor kisah hidup manusia bahan muka bumi,neutral
ihh penasaran wajh anak kembar allah moga jin jahat,positive
kak nad udaa nonton smua sampe ku ulang tonton,positive
seru banget kalo kak nadia bawain cerita hehe,positive
gantung si kakak nadd soalny kynya tau drmana sosok tau si tiara msh mksdny usul ny si sosok lbh jls lhoo,neutral
mah diri kelas sd kali ajak kota dunia mewah jumpa sakit,neutral
cerita alamin,positive
seruuu anjirr nonton,neutral
berselikuh weee astagfirullah buk nyata,positive
anak tiara genderuwo,neutral
takut bngetttt,negative
cinta sosok itudi dunia nyata adaaa,positive
mangu beda agama beda alam emang kisah emang seru bangat si film,positive
jugak mimpi gin hubung badan alhamdulillah rukiah sampe mimpi,negative
jga dlu srg mimpi pria ganteng ku knal srg bawak laut indah banget dn bilang pergi sllu usir bilang knal mu pergi dn jgn ganggu dn mudah an mimpi,neutral
alami kak nad sampe beda mimpi kejar ular ular patuk orang orang lihat mimpi besok tinggal sampe diem ganggu tidur ganggu upacara habis,neutral
hai kak mimpi gin mimpi hubung badan smpe rasa nikmat mimpisetelah situ mimpi mimpi meni kamar lelaki gemuk badan ambil cincin kasih situ cerita orang tua ku takuttt,neutral
sampe bayangin istana,positive
ihh mimpi gin pacar doang mimpi berkalikali jarak,neutral
nonton seru kalo film seru banget,positive
romantis kali suka kali kak nadia,positive
tiaraa astagfirullah ko mw sampe ajak moga jauh tipu muslihat jin setan sungguh dahsyat bawah lindung allah maha esaaamiin,negative
seru banget klau nadia cerita,positive
sakit cinta beda alam ketimbang beda agama,neutral
berat cinta beda alam ketimbang beda agama,neutral
bagus kalo film,positive
bikin cerita fantasi kak nad seru kayak kalo kak nadia cerita fantasi karang kak nadia team teman,positive
ad pikir kasi suami ny tiara,negative
sumpah cerita seru bgtt campur aduk pas dengerin kesel haru baper,positive
suka kkak,positive
cerita inget kalo mimpi ulang orang beda latar tempattapi muka orang asa ku orang samanamun mimpi kejarkejar orang usaha hindar orang lari sekencangkencangnyatapi untung ulang ulang kali alhamdulillah mah mimpi haha mah bunga tidur,positive
kisah ku kakak umur smpe skrngtapi stlah obat orang pintar sekrng puji tuhan ketemu laki wlau sisi berat banget ngelepasinnya,neutral
gila banget gua gila emang gua gila banget karna ken tiara,negative
jadiin webtoon bagus,positive
orang suka mahluk halus susah menikahmendapatkan jodohtapi nikah gangguin,neutral
so sweet banget kisah cinta ama pangeran bayang,positive
neng banget lihat video kakak,positive
kerennn mah bikin si dengar bawa cerita ikut fantasi takut neng andai nyata bahagia kali cinta pangeran,positive
merinding dgr cerita smpe kali,positive
jujur mngkin milih hidup alam kali dunia,neutral
film pengantin setan si peranin erika carlina,positive
asa suami gimana,negative
penasaran muka si tiara gimanasama ken lihat foto tanda jari,positive
sereh baget suka cerita,positive
dapat si pria tampan emang tampan syaiton dpat rupa wujud jin manusia dunia beda islam allah swt cipta jin malaikat manusia ib syaiton mimpi tiara jin jin manusia jin milik keluarga orang tua kampung asa beda dunia syaiton milik beda jin bangsa jin,negative
nyesek banget suami anak ambil istri leceh turun suami tugas nafkah anak laki dunia,negative
kak bnr sh cuman gw kn cwo cwo sumpah mimpi lanjut lho momen mana ragu bilang nama tolong kasih tanda percaya diri hadir samping tolong percaya diri percaya diri jalan hidup penuh coba milik problem mana sidang cuman mimpi sidang lenyap kn heran sang selenggara sidang nuntut bahas waw instan bikin ingat diri mimpi lanjut suasana nyata banget rasa tubuh arti peluk batas rndu aj fuct kala sepi karna memilh diri alas lho s dah bang nasib susun temu cluenya,neutral
rem iihh,positive
kak tolong gimana kasih tanda milik jin suka ku minggu ilang pudar tanda jari inisial huruf tibatiba tangan angkat sendri pas sadar tanda pas kakaku nampak sdikit komunikasi mreka tanda milik ngbuat manusia jin gabisa deketin suka cerita ckup kompleks susah ceritain sisi takut sisi gabisa dlu mreka karna proses obat masalah mreka takut ngbuat sakit kambuh parah jebak banget,neutral
pgn lihat anak kembarny ihh,neutral
jin dasim,negative
ngalamin mimpi kali kak nad mimpi datengin laki raja zaman belanda kak kulit putih bersih ganteng rambut ikal pakai baju batik warna hijau ungu mimpi duduk ku ngasih gelang perak permata warna ungu ambil gelang pakai mimpi duduk depan ngasih cincin permata warna ungu mimpi nembung nenek tinggal nenek bilang bawa untung nenek kalo nenek mah serah diaaku kalo silah kalo g paksa langsung nengok geleng tanda g g mimpiin kalo terawang orang pintar sampe suka nengokin jauh,neutral
suka banget film,positive
bedoa tiara tidur jan ngayal banyak nonton drama lu,neutral
sumpahh keren bngttt,positive
denger cerita kak nad mimpi pas kelas persis syukur mimpi lagitapi sampe pacar kak nad takut,positive
tiara uda jerat jin mimpi,negative
kasih kehidapan alias reinkarnasi,negative
dgr geram pulak tiara nie suke orang selingkuh,negative
ihhhh nonton ttep salting adain cerita,positive
gimana wajah anak kembar teh tiara,positive
iss penasaran muka anak kembar,positive
gila rem kali wak,positive
mantep cerita macem cerita gin epik banget,positive
orang tua dlu mh nama demen jin,negative
kasi laki woi,negative
crrita film pengantin setan,positive
nonton saking seru,positive
balikk kisahhh iniiii asa denger cerita fantasiiiii dunia nyataaa kakak naddd tanyaaa in kakak tiaraaa gimanaaaa ceritanyaaaa,positive
pernh pulang rs jam kmudian nang gatau nang henti stlh kost manggil ustdz tempel makhluk rs,neutral
allah bapeeer,negative
kesini karna kangen,neutral
anak ganteng donk,positive
kasihan mbk tiara kayak cinta jin enak cinta jin,negative
inget drama china judul the princess and the werewolf cwe manusia cwo siluman cwe tinggal dunia nyata cwo tinggal dunia ghoib si cwe culik dunia ghoib cwo smpe meni mrka hidup alam dunia nyata ghoib,neutral
wujud asli genderuwo jin pinter ubah wujud hiiih ruqyah kak tiara anak kembar gimanaaaa,negative
bener cerita hayalan bingung bin heran mba nadia cerita legenda,positive
cerita kali seru banget,positive
pribadi jin orang sebelahkalo jin sosok seram maksa kalo orang belah beda goib,negative
kalo suami tau cemburu lagi,negative
percaya mimpi dtang dar bunga tidur mimpi laki laki suka sling percaya dunia akan jawab mimpi ulng ulng layak terhubuh mohon alalfatihah sja pulang tanggal februari abadi tau cerita dtang dlam mimpi akan biar tau syg egois lupa karna asa beliau cuman harap beliau langsung bicara kubur malam beliau bawa kenang habis,neutral
indah fkirknganteng asli beza alamsiapa alami cerita samatolonglah pergi berubatjgn ambil remeh benda,neutral
bingung selendang ikat tangan tiara lepas pas renang gimana sihh bingung lepas,neutral
kakkkk,neutral
suami curiga anknya mak bpknya,negative
mikir suami curiga anknya mak bpknya,negative
tiara dighosting kang ghost,neutral
turut cerita epik dl bc novel spt sungguh sampe gamon novel bnr fantasi lintas dimensi g kaleng cerita crtnya jempol pokok,neutral
gimana kaloo ganteng tiarnya move on,negative
ken tau kelaanjutan tiara kak nadd,negative
perna mimpi orang wajah liat tau orang suasana mimpi berdeda suasana pdktan nikah sampe tinggal rumah alhamdulillah perna hubung cerita mama suruh banyak ibadah lain sisi rukyah ulang kali alergi kulit parah dikerjain orang deteksi alergi kena picu alergi kabuh rukyah ku perna mimpi aneh ulang mimpi asing kesana,positive
penasaran banget muka mimpi tiara ken tiara pikir pikir takut,negative
bayang kalo suami tiara nonton,negative
kali cerita kak nadia bener bener merinding simak cerita istighfar merinding bad badan ngebayangin suasana cerita itumasyaallah kali pikir si tiara kisah mimpi hidup,positive
hadirr kalo pribadi percaya kasih gainkrn temen mengalamijadi mimpiin laki laindiajak pergijalandan berhubungandan kalao mimpi incar jin dijaiin istri gaib kansampe temenku bantu orang pintar putus hubung si jin biar ganggu,negative
kesel denger respon suami btw anak lain ato,neutral
kisah dengar podcast klau silap dkat santaichill segment caller lupa nma caller,neutral
nad kalo gin hukum gimana,negative
lanjut anak suami ghaibnya kak besar anak hasil nikah ghaib kak tolong sambung cerita kak penasaran,positive
energi rasa bangetttt,neutral
air mata nonton sakit bgtt woi,neutral
suka nonton makan rebah,neutral
kasi ma tiara kasi suaminyajadi anak jinparah bgtt sihtiara lu pls banget rukiyah dosa loh suami karna bohong,negative
nonton huhuhu keren banget novel roman fantasi ihhh,positive
ngebayangin temu pangerantp cerita epicdan nadia cerita bayang tiaramenyenangkan rem takut pangeran asli jelma jin om wowo,negative
ny ak nang sedih kali cerita cinta orang dunia,positive
cba sosok jin hmmm romantis bngtt,negative
in love sgt kak cerita jmpa channel,neutral
mantapp cerita seru kakak,positive
nonton bln mei cung,neutral
mimpi cowok ganteng banget itu ulang tau ketemu dunia nyata cerita mimpi orang bilang nikah orang mimpi orang muka,positive
ken liatt ihh anak kembarnyaa penasaran bgtt cakep cakepp,positive
penasaran pgn lihat anak,positive
mana gw nonton nadia omara hai,neutral
teruss tiara skrng keadaannnya gimana suami,neutral
cinta halang dunia,neutral
heran baper kecewa tolong kasi suami tiara lu nikah genderuwo sosok asli ganteng tmn ku nasib sampe diruqyah,negative
dengerin bbrp kali bosen haha cerita emang seru sangattt kerja dengerin nadia cerita canduu,positive
ngalamin,negative
salah bagus banget kesan,positive
woi tiara terima coy ganteng,negative
btw wak suami tau wajah pria mimpi anak lahir suami curiga lihat wajah anak pria mimpi,neutral
banyakin cerita gin tolong,positive
kali nonton bosensoalnya cerita mimpi tahun mimpi ting suasana mimpi rasain smpe skrng,neutral
kali nonton saking seru ngebayanginya kali nonton angkat filem kak seru nadiaomaraa,positive
allahka tiara hubung jin,negative
wkwkwk gmna masuk dunia fantasi si cowo gateng adab maksa buat senonoh sbelum hak tolong gmna baper cinta tulus,positive
gokillll mah romance,positive
lihat episode nadya kabar anak kembar mrk update percaya cerita lihat paman alm alam meni dg jin cantik al quran iblis cipta allah swt jin buruk setan peristiwa nabi sulaiman alaihissalam perintah jin utk bangun istana megah utk ratu bilqis jk spt tiara lbh doa tawaqal pasrah kpd allah swt tiara pasti sdh jatuh hati kpd pangeran ghaib hati sepenuh lepas mknya nyambung terusrukyah ngga bs lepas jk hati msh nyangkut,negative
hallo kak cerita lsg kak tiara dar sharing utk brcerita karna alam kak tiara tolong slam kak tiara,positive
asli siiiih seru kali cerita,positive
anak hercules half human half gods half human half jinn,positive
ngulang nonton x wkwk cerita rem seru bikin mikir loh,positive
kota saranjana kota gaib,neutral
sekian cerita kakak nad asli epik banget smpe ku putar x persis gadis mimpi basah dg lakilaki,positive
kali mimpiin laki cerita fisik beda senyum suara wangi baju pakai baju warna putih terang dateng mimpi pas sakit capek dunia bangun lupa wajah wangi suara bengong bingung hilang bangun mimpiin agustus juli hitung x mimpiin pas kenal ketemu lupa kali mimpiin juli mimpi banget denger ngomong denger bilang ciee nikah nikah denger ngomong nang pas bangun nang hilang sempet mamang mimpi ku,neutral
bosen rewatch kwh minggu nyaa,neutral
bingung asli nyata engga real emang manusia hamil anak ji,positive
gilaaa cerita keren,positive
takutt banget ihhh tiara istifgfar ngapa tiara,positive
plisss seru banget kalo jadiin film,positive
emang indah epik sisi milik kasih gaib nikah susah,neutral
pas ngesex si tiara nikmatin kasi suami sengaja ngga ken lepas kksih ghoibnya y karna si tiara doyannga ush sok sok ngebilang romntis bayangin posisi suami sepelein mimpi y karna emang mimpi karna si tiara lanjur engas mhluk nikmatin kasi suaminyaemosi denger kali,negative
tiara anjg,neutral
karna buta mata jin ganteng buka mata bati jelek jin rupa manusia sosok manusia sempurna allah cipta lupa kak tiara baca rotibul hadad selesai magrib dzikir pagi peta ng karna ampuh benteng buruk,negative
nonton nadia omara kali rada percaya baca cerita gin wettpadnoveltoon dmn pokok lupa cerita lumayan gin versi singkatpadat kalo baca emg bnr ceritain detail nyabut we never know guysss,neutral
gila kisah banget alami kaka perempuan ku dlu sosok laki tampan pakai raja dtng mimpi karna bawa kakak ku alam mimpi kakak ku sadar sadar kakak tolak karna kaka anak sosok cowok dtng mimpi julur tngn kakak ku sama untung kaka ku kalo tau kakak bkal bangun ngak sosok laki dtng ikut cahaya terang bawa dunia berpakain raja,neutral
suami tiara,negative
tiaraaa wkwkw kamuu senang bingung ngelepasinya iyagak wk,positive
beneran gasih sumpah emg cerita gni gila expect banget critanya,negative
ihh penasaran muka anak anak plssss kakak tiara tolong lihatin anak anak mu,positive
urus gin suami tau rukyah,negative
bagus cerita jadi film kasi mbak tiara sampe suami tau mimpi terahir karna suami tau mbak tiara mimpi hubung pageran sampe viral jadi film gimana asa suami mbak tiara mbak tiara bingung sisi kagum banget cerita kisah mbak tiara ingin pangeran mbak tiara sampe ikat jujur suka banget cerita,negative
ceritaa bosen didengerin emng bagus keren parahh,positive
selingkuh manusia selingkuh jin moga suami tiara istri aamiiin,negative
gila seru banget cerita kali bingung takut salting,positive
omggg seruuuu iniiii,positive
kak tiara indonesia,neutral
lanjut,positive
tim percaya,negative
si tiara pendam cerita jujur tolong kyairuqyah,positive
wak sinkron dunia mimpi dunia nyata kasi suami tiara,negative
smphh ak tdi nonton kakak warung bu leli durasi ny lamaa bgtt smg notice kakak nadia dn ak slm ini notice kakak nadia,neutral
kenawhy,neutral
rem sihjujur gasuka hantu jin ginikayak trlalu paksa manusia gitumaunya manusia suka jirr iyuh,neutral
kak semangat,neutral
dear kak nadia kesini nonton hehe,neutral
bikin manhwa keren banget,positive
baca novel,neutral
brati cwe pnya suami beda stunya dalam mimpi,neutral
tau,negative
bor ghaib,neutral
hidup,neutral
lucanne woii,neutral
kisah smp kuliah dimimpiin ketemu lakilaki tampan tampil agam santri mimpi pandang si lakilaki mimpi berani cerita pas berani pacar dunia nyata mimpi lakilaki pandang ubah marah milik milik dewasa meni dengan tampil lakilaki ubah tua mimpi terkahir berani cerita takut alhamdulillah percaya langsung bawa ustad ruqyah suruh tinggal sholat mamah doain alhamdulillah dimimpiin kalo temu orang lakilaki dekat sosok lakilaki marah ikut mana pergi meksipun dimimpiin efek sensitif bikin stress coba berhusnudzon usaha tinggal ibadah sholat fyi bapa langsung percaya aku cerita mamah lihat alami gaib cerita cerita cerita khayal hidup damping makhluk kasat mata percaya tolong allah swt apa moga hindar musibah,negative
rukiah saran wawak kisah tukasihan suami,negative
mimpi ceritain kak nadia x hilang,neutral
keinget alami beda lihat muka sedikit tau orang tampil normal manusia pakai hoodie tudung,neutral
moga tiara bahagia tukar anak inti suka cerita,positive
bahagia dengar cerita,positive
gue nonton,neutral
rem y,positive
ngebyanginn bangetseruu poll ceritanyyaa,neutral
video cerita epik bener anak kembar wa,positive
gmna lanjut kakak nad,positive
pikir si tiara reinkarnasi mimpi kali si raja bilang kabar kasih ku temu hmmm,neutral
gaada inisiatif film kali nonton bosen bosen,neutral
anak kembar ny hidup dunia smpe,neutral
lol macem cerita webtoon,positive
bneran sii,positive
tonton,positive
sadar ulang in baper,positive
coba absen guys kisah super epick,neutral
mah twilight bella swan pacar nikah edward kaum jin,neutral
mimpi laki muda anak pakai sopan pake peci hadir mimpi laki tatap ku aneh ngajar ngaji anak nyata anak mimpi masuk kamar anak dalam temenmu masuk anak bilang bu aneh anak umur anak pakai mimpi,neutral
ngerti deh terterror mimpi nyampe takut tidur gugur x mimpi suami mimpi cowo bisabisa cerita ngegali suami orang yaudah lupain bahas yaallah bisabisanya harap ketemu cowo gangerasa benci cowo yaallah tir bela lu blng lu nganggep pacar gila si gaabis pikir pikir sakit disakitin fisik tiara plis cowo mimpi lu neror lu ngambil anak lu concern lu lu stress gugur cetus tengkar suami lu film horor orang bodoh teror ttp tinggal sana maaf tiara bikin greget revisi suami bodoh trnyata si cewe emang radarada langsung cerita suami lbh bodoh denger ngajar ribut si cewe usaha cerita mimpi lohh ulang bertahuntahun bodoh revisi emang tiara radarada revisi tiara emang bodoh kesel deh luuu tuhh selingkuh bjir jatohnya setan setan skli gilaaa bingung deh like dislike gausah cerita nadia cerita keren banget sgt profesional non jugde keren nattt,negative
hy gyss malaysia salam kenal yh,neutral
suami tiara tau anak anak kandung dalam mimpi suami tiara mimpi lelaki mimpi,neutral
percaya cerita tiara kasihan,negative
kynya kisah nyata kalo kisah nyata suami istri aneh pst min konsultasi kyai ato ahli spiritual usaha menhawab peetanyaan mimi aneh bareng mimpi kalo normal pst konsul diem,negative
penasaran si tiara,positive
pria nama walid,neutral
cerita anggi kalapuna om mongol anggi tolak si cowok,positive
suami kalo lihat gimna asa nyaa tau,negative
speechless cerita bilang lumayan cerita temenku pernikahanberhubungan badan suruh teman ghaibnya cari batu kristal untung teman lepas teman ghabi but teman tetep inget hiks,positive
lihat poto anaknyaaa,neutral
mimpi ulang emang karna mimpi ulang kali,positive
baca cerita kalo mimpi laki laki sampe hubung badan jin rem banget coiii usahain kalo tidur wudhu baca doa wawakkkk,negative
detik suara,neutral
team nonton th,neutral
doa kyai,neutral
keinget luk kak,neutral
terkadang beda alam beda dimensi setia,neutral
omong kosong,neutral
merinding euy,positive
nonton apakabar kak tiara lanjut cerita gimana solusi kasi suami,negative
guys awa ganteng inget jin kelabu manusia jgn halusinasi ken jga didatengin bentuk kya pangeran watpad,negative
pingin bagi kisah sembunyi gondoruwo n akhirx mnjadi jaga diri gmn carax kak,positive
suami tiara tntang wajah anak,positive
plss anak ganteng,positive
terusperasaan suami kalo tau gimana,negative
film keren,positive
berat si tiara hati tolak hadir cwo mknnya pikir dirukiahkrna smpe hubung bgtu cwo ghoib brti ddlm hati suka cwo ghoib,negative
ihh suka looo,positive
kasi banget yaharus berani ambil resiko mbak pengantin setan itudia pilih suami dunia nyata dn bahagia,negative
video pertamaa nadia omara guaa tonton,neutral
nggantung critanya parahh si pdahal rajin ibadah g ad besit utk ruqyah sadar ganggu jin anak ambil jin maaf aj kesi x suami msh brlanjut smpe parah si parahh mending pisah suami nyata kasi zhalimm,negative
duh penasaran tiara gimanaaaa,positive
gmn yoo,positive
naudzubilahimindzalik ruqyah tiaraaaaa ruqyahhh,negative
mimpiin mantan terus mimpiin dian gimana hilangin wajah pikiranga mimpi,neutral
rate nol tambahin triliun lagiibagus banget jirr ini,positive
dlu sblm nikah iy banget ky pacar cwok ganteng pke baju pengantin cwok solo ganteng lbih lee min hoo pas bpku dh ninggal nikah cwok bpkku maki bilngaku ngerestui jngn bawa anakkutrus cwoknya jwb milik utuh suara wibawa banget pokok sblm nikah bnyk banget mslh bln sblm nikah ajak rumah cwok eh ibu cuantikkkkk banget mimpi diikutin suami dlu suami tmnku ponakan bilnglari cpt lariitrus nengok suami nengok cwok ganteng rumah ny serta ibu ubah jurang cwok ganteng ubah gederuwo ibu ubah mbk kunti sumpah takut tidurmau ruqiah takut sblmnya cwok banget mimpi ganteng ngjk jln ngjk main asik banget romantis eh wohhh ngeri sblm nikah yng fisik kuat jrng sakit pas tentu tanggal tibatiba banget msuk ugd x dngn penykit aneh azan magrib smpe subuh demam tinggl tindih ditampkin mcm pokok gila banget kepisikolog bilang depresi rumah bersih ibukku saudara yng nyingkirin posisi rantau diimpiin rumah kejar harimau gedueeee bngtttttttt eh ubah bpk pke blangkon bilang jngn takut ndok senyum lngsung bangun mimpi aneh,neutral
cerita guys bangun malam bangun jam an baju bra ku buka minggu bangun jam an sorry bangun telanjang pinggang bawah baju ku tutup rapih cerita ges,neutral
ekstrim cerita,positive
bawa dunia fantasi,neutral
sungguh getar mimpi nyata,positive
suami nonton ntar tahu isi mimpi,neutral
si cowok raja ini cinta tiara,positive
nonton dtunggu kak,neutral
suka banget sampai bawa cerita masihh bingung hamil udahh pas hubung badan air terjun,positive
khayal dongeng halusinasi kronis hahabentar film kkn booming deh hehe,negative
maret hadir,neutral
mbak ngasih cerita gmna,positive
si sosok sakit tiara sakit suami sakit,neutral
gin selingkuh jin,negative
ken tau muka anak mbak tiara kasih gaib,neutral
anak anak jinterus gmna proses kembang anak manusiasecara hubung badan jin,negative
brrti letak raja air terjun deket rumah nenek,neutral
maaf cerita fantasi si kalo bener jahat banget kakak tiara sampe hasut sampe hubung badan adil suami kakak tiara maruk donk ken fantasi si bikin film sesuai percaya kisah kakak nad cerita dasar kisah kirim bener tidak kisah kakak tiara tolong kuat iman doa sang kuasa karna milik tiada hendak hendak,positive
seram romantis,positive
gedek saa tiara cerita keluarga cerita nadia omara,neutral
so sweet banget pangeran kalo mah senang,positive
enak banget anak ganteng bangetjadi ken,positive
hasil tes dna anak kembar gimana,positive
kepo ama muka anak anak tiara,neutral
ustadz bersihin tahan sampe bas,negative
tiara salah kak tiara memberitauh suami keluarga mimpi pergi rukiah sayang banget kak sampe kakak gugur kali cerita takut tolong kak hubung salah kakak putus hubung beda dunia,neutral
bikin novel seru cuyy,positive
baperterus terbayangbayang terngiangngiang,neutral
cerita lalu sehinggah sosok ikut,positive
laki mimpi tiara marah kecewa,negative
kalo bikin novel bagus sihhh,neutral
gw baper sampe nang mikir kalo si pangeran green flag sampe jadiin selingkuh but creppy kalo wujud asli pangeran om ruwo mba tiara langsung istighfar kaget dahh sampe hubung badan kasih tanda milik,negative
nonton cerita favv seru bgtt,positive
allah cipta jin manusia ktnya jin meni manusia wujud manusia,neutral
seruuuutp ngeri,negative
gue nang,neutral
percaya,negative
kakak kalo anak dunia nyata mana,positive
kak nad ku cerita gin hidup nyata loh karna ngiranya novel baca novel persis giniternyata eh dunia nyata,neutral
beneran ap bikin,negative
kakak nadia tiara sosmed pengin lihat anak kembar gimanaa,positive
anak engga tes dna wkwk,neutral
kak kiraanaknya dmna,neutral
seru banget film,positive
merinding banget,positive
parah suami dengerin mimpi istri jdnya istri libat jin berani cerita nyari bantu,negative
anak tau bapak mimpi,neutral
guys teori angka umur mimpi kalitrus hamil kali kali gugur anak diambilada sidik jari bahunyadan kabar hamil,neutral
cakep anaknyaaa,neutral
nonton bayangin wajah kasih ghaib tiara gantang,positive
si tiara halu,negative
absurd banget bejirr,positive
mimpi mimpi kali muka pas bangun coba muka dateng mimpi pas jatuh cinta ma orang ma cowo cowo ma jauh sumpah jin sumpah resek bangettttttt gua ama cowo gua cinta anjirtttt biar pergi,neutral
beneran novel film dahh,neutral
tiara bodoh kak tuhan,neutral
kak cerita tanggung,positive
pergi rame ey duduk ahhhhhh,neutral
posisi tiara tahan lelaki sis nas niat lakilaki sosok jin cinta manusia tipu muslihat hukum agama hendak,negative
mimpi kya jlan laki sampe hubung badan,negative
ku cerita yahh nenek tiara mimpi nenek reaksi ah mimpi kalo mimpi terus nenek berfikir cari solusi kalo mimpi terus dunia nyata jgn anggap mimpi biasahanya bunga tidur kalo gin anak lakilaki mimpi takut cerita keluarga keluarga salah tiara cerita kalo cerita ruku jadi uhhhh bingung tiara moga tiara lindung allah aamiin,negative
tiara selingkuh,negative
tiaraegois,neutral
halo kakaku cerita horor,negative
sumpah nonton cerita seru sumpahh wee kalo nyebutnya nikah memedi manusia alam anaknyaa woeeee gong banget sihh,positive
alamin parah alamin mimpi dg orang ulang samad cerita dg keluarga mrk percaya cuman anggap bunga tidur beda alhamdulillah gugur cerita suami percaya marah pendam,negative
ku cerita mimpi kak cerita bagus banget sumpah,positive
karna cerita kwh tayang nonton cerita tonton ngerasa cerita fiksi nyata si mbak tiara bnr bawa arus kabar gimana karna kalo disukain jin sulit lepas moga mbak tiara sadar lepas jerat tipu daya jin,negative
ken ngerasain pacar goib kayak dunia seru mn orang goib kykny milih,positive
banget kait cerita jadi apa kait nenek mimpi kait si tiara cerita nenek,neutral
tiara mimpi jin ganteng kali datengin gondoruwo kmar woy laaahhh jgn maudzu billah suami,negative
suka cerita pria tampan adegan panas the best tiara,positive
tiara cepat mens ak mens,neutral
ngalamin kakak tiara,neutral
gantung banget gimana reaksi suami tiara pas lihat anak kembar plek ketiplek pria lihat mimpi kali gimana lanjut hubung tiara si pria mimpi kalo suami cerai teknis bilang poliandri,positive
kali dengerin podcast horror horrorhorror banget merinding cerita moyang tiara bikin janji bangsa jin jodohintumbalin turun gimana balas harta tahta apa,negative
kocakk jin emang penuh tipu daya percaya omong jin ngomong anggap kasih jaga asa jin suami mu kakkk,negative
ini kecee bangettt,neutral
wahhh gegeee ituu kalauu film berlajutt berseason season s snya anak suami tampanya aww,positive
bawah bendera nengyang,neutral
njir gua,neutral
nauzubillahminzalik,neutral
kalo anak anak pria ganteng brrti anak kembar cakep bisaaaaaaaaaaaaaa percaya percaya,positive
cerita denger sebenernya samar nama suami tonton dengar kisah ngeh cerita suami rasa mimpi moga lindung allah swt,negative
seru kali dongeng,positive
makasih kak,neutral
penasaran banget puas gimana cerah cowok mimpi tolong ngasih tau pa ustad nenek tau pas mimpi nenek ngelarang tiara ketemu cowok pas kali mimpi nenek nyimpen rahasia sii aaa tau penasaran banget,positive
pacar tiara mimpi emang beneran siitpi dunia lainbkn dunia nyata like w two world,neutral
rem banget asli merinding tengiang ngiang cerita asli wak rem banget rem cerita hantu seram asli banget rem takut wak,positive
cerita kakak nadia real sihh bingung,positive
nonton sekian kali aaaa seru,positive
sedih milih diam cerita keluarga kecewa kalo pikir ruqyah akan cinta laki ih sedih kakanya jujur suami,negative
kak nadia cerita cerita ygmiripnya umur puluh kak beda bangun mimpi janji permaisuri kak cuman mimpi kak sampe mimpi ketemu orang ad mimpi,neutral
tiara kek menukmati nyari solusi biar lepas rukiah,negative
alamin beda eding ngalamin smp kls kerja ttp mimpi lamar suami ku malam suami ku lamar tidur mimpi ajak alam ajak nikah tinggal sana meni suami mimpi,neutral
turut cerita fiktiff cerita logika aib gapernah cerita mimpi cerita angkat medsos orang nama samar,positive
dlu suka mimpi ketemu cowok ganteng bnget semenjak nikah jagain bnget alhamdulilah skrng ngk semenjak nikah,neutral
nonton keinget plot cerita film nosferatu yaklo islam denger kalo minpi gin jin suka tiara itujadi jin masuk mimpi visualisasi tiara sukamakanya isi pangeran ganteng tmpt istana indah,negative
kakak tiara kisah angkat film bioskop pengantin setan,neutral
ko takut plis,negative
expettt sampe anak dunia mimpiiii cowok ganteng,neutral
kalo bagi cerita kak nadia giamna,positive
posisi tiara sllu ganggu jin,negative
assalamualaikum kak nadiaa omara nama ima alami beda tidur peluk cerita cerita,neutral
mimpi kak tiara jin,negative
ken takut cowo gonderuwo wkwkw,negative
suka cerita,positive
kak cerita mu bikin novel bagus nikah jin tampan tiara dunia,neutral
ih gin mimpi guys oh to be loved like thissss,neutral
sukaaak banget nonton x bulan sumpah apapunnn,positive
serius hubung makhluk gaib emang anak wujud manusia beneran,neutral
kakak lulus pondok kak tempel siluman harimau abis ngedaki ciremai pas pulang sifat keras sombong kasar gapernah solat ngeliat orang melotot rem deh pokok abis diruqiyah alhamdulilah,neutral
sumpah cerita seru rem ples,positive
suami kagak curiga gmn mirip sabar bang,positive
cerita beneran ish greget banget tiara,negative
gila luar nurul,negative
anak bka nadia anak suami anak si hantu,positive
ganjel cerita mimpi selesai pas tiara nikah tengkar suami th nikah libur hamil anak kembar tahun mimpi bln maju asa,positive
anak ganteng,positive
ny rukiah,neutral
anak asuh dunia anak dunia asuh tiara wkwkw,neutral
langsung tiara nikmat kasih mimpi terpesna tampan,negative
spt,neutral
alam tiarad usia th dtgn sosok laki mimpitp wjah laki tutup cahayaterus ulang sampe dewasa menikahktika hamil usia bln calon baby ku kembar kmbli mimpi sosok laki itutp beday mimpi sosok suami ku wanita sdg rangkul suamikulaki hnya pandang aktivitas suami wanita itusmpai bangun subuhdan aktifitas biasayktika sdg cuci hpku berbunyiktika lihat bbm msuk anak buah suamikubhwa hrs selidik suami ku tmpt dy krjakrna slma suami sdh berselingkuhdan ikutin sarannyadan trnyta bnar suami ngebonceng wanita dg msraaq ikutin smpe k kosyawalnya hnya wanita itutp knpa sprti dorong msuk k kamar kos itudan ktika mengetuktrnyta pintu buka sdikitaq lngsng msuk alangkah kagety lihat mrka sdg hubung suami istristlh jadi kdrt suamidan wanita sllu kirim santet sllu gagalsmpe suami pisah stlh anak kembar kmi lahirsingkat cerita kmbli dtgn sosok mimpi itudan x wjahy jelasdy tampantp slma laki berbicarahnya senyum sajadan ktika seorg lakitiba mimpi dtgtp marahdia tarik tangan ku xnya pergi lagikm kmnkamu milikkusiapapun hak atas tulus seperti situ berontak berontakaq mmnolak nyamembuat smkin marahtangan tdy putih mulus ubah hitam pekat kasarsorot mata sngat tajam warna merah menyalaaq takuttiba sayup dgr sprti ad orang sdg mengajiramai sklidan cba ikutin baca ayat wlw susah payahdan pelan tangan lepas bngun sdh rs tangan sprti orang kejangdan trnyta sdh rs slma minggu keluarga ku situ sdg aji,neutral
sumpah nonton video mimpi kalo emang mimpi hamil,negative
ruqiah mesti anak hilang,negative
asa suami kalo dengar cerita,negative
menit,negative
narasumber tololllllll gw tonton bener bener tuhan anjer,neutral
apasii tiaraa ampunn bisa hubung badan makhuk gaib,negative
tiara hilang delapan harikok kandung ny,neutral
sekian cerita dengar kak nad cerita bikin kesel gamau lanjutin tonton maaf kak bener bener si tiara tau laki ghaib mimpi suami tetep diam hilang anak bener gila emg lihat komenan orang hubung badan laki ghaib kasih ghaib ampun tiara waras daya jin tersbut,negative
nge gantung,neutral
kisah cerita novel si cowok nama daputa,neutral
pas nenek tiara bentak sipria merinding,positive
gimana ngirim cerita kak nadia omara,neutral
nonton pas,neutral
suami cemburu anak ganteng dn beda wkwkwk,neutral
kak nonton kali loh kaya ulang deh nonton seru,positive
plis cowo dunia nyata kyak mimpi tiara nang lo pas buat apa paksa cinta ku paksa bawa mu dunia paksa cinta ku baperrr tiara cinta scr ugalugalan,neutral
asli rem banget siiklo tiara dirukiyah,positive
nonton februari gimanaa kelanjutanyyaa ada,neutral
btw suami si mb tiara nonton ngak kalo nonton ngak bongkar mimpi akhir tiara,neutral
penasaran,positive
lu bayangin cyukk suami sah si tiara,negative
done,neutral
im still waiting for,neutral
rewatch,positive
bikin aneh jin bilang tiara milik telusur orng tua kali janji sadar,negative
tunggu jelas nenek tiara jin mimpi suami bilang tiara hak eh,neutral
gimana asa suami tiara nonton video,negative
pls penasaran anak,positive
kya cerita cocok bikin drama drakor dracin,positive
suami tiara nonton cerita nadia omara kaget banget iya,neutral
epikkk kali kak nadd so far walopun cerita bagus cm bnr bs kt campur aduk ad sedih mgkin neng takjub ngeri best,positive
ku usia ku allah umur hidup rahasia hidup ku,neutral
kak hubung genderuwo pake muka asli loh ngeri wei reka fix bener karna orang orang nurut laki cinta alhamdulilah sihat kak mimpi ngelawan mimpi,neutral
dengar cerita selesai orang bunian teman orang bunian kampung persisi certa kakak nadia orang cantik ganteng pakai kyak raja,positive
mimpi laki kali berturutturut ngeri,neutral
kak tiara kalo lihat komen plis coba cek psikolog psikiater ganggu penasaran banget,positive
lolot lu tiara ngelakuin hs mimpi gedeg banget ngedenger cerita,positive
pleaseepak produser bikin film toloonggg,positive
bgus banget cerita kali,positive
kak sumpah suka banget,positive
merinding tiara dunia,positive
ngrasa bayangin diceritain kak nadia,positive
ngeh kepala langsung istighfar,negative
langsung bayang kota saranjana tiara ajak kesana btw nadia lu keren abis cerita gw tiktok ampe kesini,neutral
cerita tiara suami buset ken mimpi gin,negative
pantau gua nonton ulang cerita x jir,positive
gila kl drama fantasy seru banget,positive
nonton ikat jin gimana wujud asli yab,negative
kak tiara dar saran mending ruqyah putus hubung laki laki karna ganteng tau wujud asli sadar kak tiara hubung intim jin nauzubillah laki laki jin kasi suami kaka anak hasil hubung jinkasian suami kakak,negative
kak nadia ceritain hah hoh saking syok iya kak nadia tiara milih ruqiah,neutral
pls flim drakor pls ulng ulng cerita g bosen bosen pngn cerita hidup,negative
sbb mimpi malam kali tidur mimpi,neutral
emg sukain jin sampe bedain realita mimpiilusi,negative
gimana kabar mbak tiara hubung laki mimpi,neutral
buset cerita wp,positive
merindingg sumpahhh,neutral
ampun kaget seram pas dengarin cerita cinta mimpi,positive
kasihan suami mbak tiara selingkuh mbak tiara bingung nyata nolak jin maksud kalo emang mimpi selingkuh mimpi mbak muslimah tau jin bohong mbak jiwa tinggal sisi allah bkn alam jin hak mbak tiara hidup mbak maaf jujur kesel banget tuju tindak mbak tiara moga senantiasa jln allah ridhoi,negative
bayang sakit kalo suami tau,negative
penasaran laki kn jga mimpiin cowok ganteng kalo anknya cowok ganteng laki,positive
sdm rendah komentar kartun hawa berandaiandai mimpi hadir hidup anggap ratu dunia nyata tipu daya setan dahsyat sulap buruk cantik si pangeran tampan,negative
tiara dh selingkuh,negative
lihat foto anak si tiara kak,positive
penasaran hidup rumah tangga tiara suami pisah,neutral
bikin film seru kyy wakk,positive
iya ihh tiara ruqiahmalah enak pulakasian suami webisa tiara selingkuh setan sampe hamil pulakesel gueee,negative
ad kaitanya y kakak nadia mikir si heheh,neutral
tiara teges ah nyebelin,neutral
nmnya gue tiara nma samar sifat gue,neutral
tipu daya syaitan bahayaaku bilang lelaki bunian greenflag paksa tiara suka pergi kampung laki tutapi shock endingnyadia obses allahmoga dijauhkanmoga mudah urus kak tiara,positive
weyhh lainplot twist bikin speechless weyhhhsepatutnya kena refer to ustaz seram allah,negative
omakkk epikkk kali cerita percaya percaya yakan mana wak alam emng yakan,negative
rem bgus crtanya,positive
kesel tiara ngomong jujur loh heran banget orang super tutup gin luar nalar banget sampe hamil loh suami jujur kasi suami,negative
kalo suami tiara nonton gmna ntr tau gw panik,negative
ganteng donk anak,positive
kabarin kalo lanjut cerita wee,positive
bagus kalo novel,neutral
wei tiara lu pikir cerai kasi laki tiii klu cerai stdknya kb dengar kisah teropik smoga tiara keluarga lindung tuhan maha esa amin,neutral
th cepat,neutral
espek anak hubung ghaib huhuhuuu,neutral
merinding lohh,positive
salah ialaha tiara hubung badan,negative
si tiara mimpi hamil habis nonton upload kak nadia nonton kenal wawak nadia ikutin chanelnyaa tau spoiler fyp tiktok,neutral
dimimpiin laki tampan sampe dibucinin ratu banget x mimpi lanjut ngerasa banget hilang sampe dunia nyata msih suka sedih muka keinget,positive
gacor wakk kalo jadi film bioskop kerenn,positive
ngalamin mimpi bener gambar cowonya ganteng banget cm beda mimpi istri cm istri duduk padang rumput gabisa dijelasin poko indahhhh banget tmptnya mimpi bilang cm istri pilih hamil anak,positive
ky nggk percaya bukti realitas sampe anak yng cowok mimpi sampe bingung ada manusia dunia emng sosok jin apa pokok nggk bepikir akal sehat,neutral
aaaaaaa iniii the besssssstttttt,neutral
tiara ngehe sepele,neutral
cerita pengantin iblis adaptasi cerita,positive
pas kanad bilang dirukiyah gw reflek bilang ah si tiara gatal,neutral
gmn wajahjya pria dunia suami g curiga khidupan tiara gmn hadu cerita seru banget bkn nyata tau g,positive
kak,neutral
cerita favorit,positive
keren bnget cerita,positive
film pengantin setan ambil kisah nyata rewatch,positive
x nonton konten kerenn banget cerita gatau karang kisahnyata seru banget,positive
kak perna mama lela,neutral
author tolong bikinin au plisss,positive
suara kak nadya suara bagus banget kalo suara cowok,positive
sampe ikat nad jadiin film,positive
otomatis pikir tulis ku bicara wihh cocok,neutral
kali nonton iniga bosen,neutral
sumpah seru banget,positive
kisah bioskop pengantin setan,negative
kepo tiara datengin sosok lakiitu hubung laki tiara tiara temu lakiitu mimpi terkat akibat ih tiara gue pas ketemu nanyak lakiitu hadeh,negative
nonton endingnya ikut sedih,neutral
kalo drama kren,positive
cerita mind blowing banget anjir keren seru,positive
kasi suami sah salah tiara karna sadar jatuh hati kasih ghoibnya karna ganteng kali cerita fantasi banget gapercaya kalo beneran kisah nyata,negative
greget banget tahun mimpi ceritain mimpi x wajar tahun wajar anak anak jin,negative
kakak tiara cerita mu asikkk serasa dogeng sampe bawa suasana cerita,positive
kisah nyata,positive
dongeng,negative
kesel tiara sependem cerita suami cerita mimpi tiara nyeritain pas momen ajar tunda utara ganjal tambah sulit ganggu,negative
ntah mana indah gugur x selingkuh hamil anak suami blg indahkeren rasa dunia nyata wkwkk,negative
kak nadiaa tolong kak tiara donggg kepo lanjut cerita gimananabikin,positive
up tv nad,negative
hmpir kali wak ngulang no favourite bangett boh angkat filem genre fantasy iniii,neutral
gntengtpi nafkhincob nfkhin jugawis betahjd melyni suami,negative
bunian,neutral
gua denger cerita lihat film waaak cantik tiaraaaa,positive
januari nonton,neutral
banget mimpi nyata,positive
kisah ngga,negative
baper gila,negative
tolong,positive
nonton btw ko novel baca fizzo cerita,neutral
bingung bor temu s anak raja cm slh ny beda alam larang allah gmn lanjut btw nonton,neutral
ganteng asli grandong,negative
nonton cerita inget mimpi cerita beda hadir mimpi laki nyata dlu sd tepat bilang cinta k mimpikukarena lulus sd bawa ortuku k ibukotaaku tulis surat k kampung temu pindah k ibukotaaku pulkam sampe meni laki ibukota mimpi mimpi kadang sedih aku cerita jadi teman teman suami singkat cerita tengkar suami cerai aku meni dg laki kampung si laki hadir mimpi tau laki hadir mimpi milik istri aku pilih cerita dg temu dg mantan suamikudan laki hadir mimpi meni dg suami skrgaku mimpi,neutral
gw cinta drakor cinta komik romansa wahhh bett njayyy pen dehhh,positive
bikin speechlessss kobisaaaa detail wahhh gila sampe nikah dunia hamil kakak tiara gimana kondisi kak,negative
kak nadia coba bikin cerita gantung tiara tolong direspon plisss,positive
allah kau dengar doa ken mimpi,negative
cerita beda cewek kak,positive
loba waduk sia kehed,neutral
wao rapi banget cerita sprti,positive
sekian cerita favorite sampe ulang kali bosen cerita dongeng gemes pas dengernya,positive
yng nonton,neutral
gila,negative
horor,neutral
keren banget sihhhh,positive
wahh banget cerita behh bangett,positive
hai kak tonton karna rekomendasi temenbuat cerita kakak kali alami kali mimpi pangeran mimpiin umur umur takut kakak tiara moga,neutral
ken lihat muka anak tolong,positive
tiara digrooming mas gendruwo,positive
asa masuk cerita kak nadia,positive
keren banget cerita sumpahh,positive
kakak plis adain penasaran banget lanjut,positive
gue tindih mimpi dimasukin gue lsng berontak mimpi bangun nonton gue bener takut banget bkl jadi gue moga allah tolong bilang gue kalo normal gue bingung cerita ngalamin gue tau ngatasinnya,positive
mimpi barusan kandung masuk kaya anak suami dunia nyata deh,negative
cerita selesai merinding bad badan merinding takut merinding karna plot twist gilak,positive
suami dunia eehh kabul,neutral
masuk akal,neutral
kak nad tolong banget cerita sangatt gahtung,positive
merinding banget kisah amit sayang tiara cerita nenek nenek mimpi cb tiara cerita nenek mgkn tanggap nenek bs lbh aware n cari solusi perihal tiara diam kemgkinan cerita kakek tanggap serius tambah tiara introvert orang introvert susah banget cerita orang apalg kl tanggap sesuai harap mslh dunia gaib aku laki kasih worrynya efek sihir tambah hubung air terjun tiara kena pelet ato macam lena dunia gaib doa smg kak tiara n kluarga kecil sehat n selamat cerita alam gaib emg byk bs terima scr logika,neutral
kaa lanjut,positive
ngeeh persis cerita pengantin setan bayaangkan,negative
dengerin pake henset kerja behhhh sampe bawa cerita,negative
nonton merinding,positive
gosiiii,neutral
saking bagus tarik cerita sampe ken ngalamin dengerin cerita perkalikali dana vidonya ku ulang sampe ngitung umur jadi tiara ituu monmaaf denger salah hitung cerita kakak nadia umur jadi engga niat ngoreksi ngomong,positive
plisss,neutral
naudzubillahimindzalik ampe kaum jin naksir gue,negative
seru kali crta smpe g hbis fkir crta ituu sking percaya nyaa smpe ak penasaran gmn wajah anak,positive
spil muka anak anak nadddddd,neutral
hallo nonton cerita kakak dn cerita kisah alami gadis meni,neutral
woyy kak nadd ngulang nungguh baru jam dipostsesuka loh,neutral
sungguh serius hahaaa,neutral
kesi suaminyaa,neutral
penasaran suami terima anakanak muka pangeran,positive
ngerasain kya kak tiara beda temu sampe penasaran rasa wewek ampe klimaks bingung nyata sampe bae,negative
kisah nyata dongeng berbi,negative
greget jga ngalamin sam pas umur alhamdulillah mah sampe berani cerita orang tua cerita pas umur alhamdulillah suruh ruqiyah sampe alami aneh,negative
waahhhh seru banget nggk bs bayangin kl tiara smg rumah tangga suami dunia amiiieennn,positive
ngeri kak pa mimpi nyata,neutral
wak ganteng anak kembar,positive
kak nadia lanjut cerita tiara si kembar gmn dna gmn wkwkwk kepo,positive
asli merindingentah asli apa ngeri aslibaru kali denger merinding kujur tubuhtapi emang manusia jin menikahini bahaya banget loh betulbetul ruqyahasli emang ganggu hidup loh cinta jin manusia level ekstremfix tiara pergi ustadz bersih ruqyahini lewat banget tipu daya jin lohih merinding asli gw ngetik sampe merinding kujur tubuh arghhh diemin yaharusnya obatin ihhhh merinding moga putus hubung denga jin takut buruk hidup,negative
kalo emang kisah nyata parah si tiara kasi suami,negative
sampa jiwa tonton rasa klimax dengar mb nadia pinter bawa suasana hati olah bawa cerita,neutral
aaaaaakkkkkk cerita bikin melongooooo,positive
ambil vidio nadia up sosmed,negative
tim nonton,neutral
umur kelas ngk cowok dewasa suka nak,neutral
penasaran gimana tiara inipasti cerita kn ayok cerita tiara,positive
kali lihat cerita inipaling seru sihsuka bnget,positive
cerita bener mind blowingggg bener abis fikir aaaaaaa ngeri plus bayang plus bisaaa uji kak tiara jaga berat nikah,negative
lanjut sie kak,positive
waahhaku penasaran pngin mimpi temu pangeran,neutral
kakak up kota ghaib saranjana,neutral
suami gmna kak cere,negative
jadiii kopeee anak kembar nyaaa gimnnn kepooo akuu naad,positive
kuning hijau anak kembar usul upin ipin,positive
maaf cerita alam jgaaku kakak angkat dy jga dinikahin jintpi dy jga dunia nyata suami sdh bsaa anak suburdan trnyata jin mrngijinkan dy pnya anak suami dy inisampe diblg jin ceraisampr perwnikahn mrka cerai anakdan kakak ku dy hubung badan mimpi jin kakak ku nikmat pd suami dy dly,negative
gua laki laki suami sakit hati,negative
kak nad pingin mimpi tiara allah astaugfirllah,positive
doang yak,negative
sekian cerita suka cerita,positive
maaf ngikuti cerita wawak dn pling bikin ak pnasaran gmn kisah asli prnkhany mrk y maaf kepony banget,negative
salah besar mbak tiara temu kaum cowok ganteng mimpi suka rela paksa otomatis ikat jin nyamperin kalo mbak tiara niat sembuh ruqyah mandiri ilang yng dengar mbak tiara suka nauzubillah,negative
cerita seru si,positive
sumpah gimana suami kak nad kalo anak orang mimpi,negative
januari hadir,neutral
,neutral
sukaa,neutral
kak tiara hipnotis ketampananny laku naudzubillah moga keluarga jauh ganggu jin jaga allah amin amin yarobalalamin,negative
mimpi pria ganteng banget pria smp ulang batas ketemu pas smp sekolah pas sekolah kuliah universitas pas kerja mimpi tengah pas tau mimpi tolak keras bilang pacar nyata ketawa pegang tangan bilang bilang nyata bangun kak karna pacar nelfon kalo tidur sleepcall malam saya tidur nelfon hehe alhamdulillah sampe aneh dar ngobrol,neutral
best la tengok si nadh cerita comel je semangat cerita,positive
kisah kisah jawa lho,neutral
si percaya wallahuallam yak wakkk,negative
kalo gw tiara ruqiah biarin cinta sampe segitunya,negative
salfok baju kakak nadia hijau kuning,neutral
naudzubillahmindalik jin ganteng,negative
x dengar cerita laki ngerasa sakit dengernya,negative
seru kali dimimpiin cowok ganteng,positive
gimana hubung suami,negative
plis bikin gimana kondisi hidup tiara anak kembar,neutral
nonton taun seru banget sumpahh otak ku ngebayangin jadi,positive
kakak nad emng kakak tiara gx tau suami ny kn kakak tiara nyeritain kakak nadia,neutral
gila si perempuan selingkuh loh,negative
gila gmn prasa an suami,negative
tidur nonton nadia omara,neutral
yaallah kasi banget,negative
tim nonton kak,neutral
perh baca novel nikah pangeran alam gaib persis cerita gni,neutral
milih orang pintar rukiyah,negative
penasaran lanjut tiara gimana ganggu suami,negative
seru banget kak nad dosa takut anak kembar otu anak jin,positive
cerita sedia pernh ku dengar nadia omara,neutral
kali tau kak nadia denger lihat pesbuk nyari lgsg yt cerita blum lupain dn dnger,positive
plis kirim video suami tiara jir,negative
jin tarik orang ygt,negative
kak nadia seru banget cerita doa baik kak tiara suami anak moga lindung allah swt btw kak nad gimana kondisir tiara,positive
bagus cerita sedih banget kakak tiara,positive
kerja rumah makan posisi tinggal hamil bln mimpi datang ratu cinderela istana megah kasih istinanya ajak keliling tawarin bujuk tinggal bilang iya bilang iya tibatiba pangeran muka srigala buruk rupa pake baju pangeran badan bulu teriak telinga bilang tinggal kaget bangun pagi bapak nelfon suruh pulang henti kerja alhamdulillah nurut rumah cerita kalo jin tunggu rumah makan inginkn bayi perut btw kalo hamil bapak orang peka ngerti mistis tumpul bilang kalo waris mampu ajar minat tolak al fatihah,negative
sumpah bawa dimensi nyaa beneran disanaa bagus banget cerita,positive
seruu banget cerita iniiii kak tiara moga sehat,positive
ajak nikah cewek pake kebaya warna hijauaku bingung cwk cp sihsmpk nanyak manusia jindia jintp mimpi cm,neutral
rasa masuk dalam cerita keren seru banget,positive
anakkk ganteng dongg,positive
ratus kisah kisah buat merinding,positive
tiara terima laki jdilah tiara lepas laki mimpi ku mimpi ku terima laki lantang laki mimpi ku senyum buat perna mimpi laki karna meni,neutral
senang rem suami alam alam goib suami anak raja asa keren,positive
ntah suka banget crta kisah pling sukayg sring lihat brkli brsa dunia fantasiga nyngka kya gni,positive
endingnya romantis aga rem cinta ama cerita,positive
nonton h mlm th kak nad anak mimpi suami lihat paham muka laki ngga curiga suami kak sehat kak nadia,neutral
keinget cerita salah stu tmn ngjar tante ku sring datang lki laki mmpi suaminy mninggal srangan jntung ktka s istri sdang mngandung stlh anak lahir usia ktnya si anak sring hilang tba tba wlpun rmah kndsi trknci tb tb mncul kmbli kmungkinan asumsi anak suka si lki lki mmpinya tante brasumsi kalo anak hasil lki lki mmpi,neutral
nadia elakang mu ap pintu,neutral
kakak nadia cerita,positive
suami kak tiara tau mimpi,negative
benerrr bangettt alami lihat muka asli datengg tidur,neutral
kasi suami langsung mikirnya selingkuh smpe hubung allah kesel si ngapa tiara cerita lohh gada salah,negative
tiara reinkarnasi pangeran alam tunggu tiara manusiakarena tiara mati duluan meni tiara rasa ikat cinta,neutral
penasaran anak kembar tiara wak ken lihat wajah anak ganteng bapa,positive
kisah nyata gimana siii,positive
komen pertama sekian video tonton cerita emg bener cocok film fantasi horrornya luarbiasa banyak komen emg bener ken ngerasain gaboleh sisi kasi suami tiara gatau moga sampe,negative
aaaa gin umur th th mimpi ketemu cowok ganteng kenal taman sepeda bareng sempet main sekolah nganter pulang main rumah sempet nginep ortu jemput rumah maksa pulang nang pulang nang sedih pisah inti ortu pisah paksa mimpiin sempet sedih banget inget nama roni kalo diinget rada merinding,neutral
tolong lihat anaknyaa,positive
tiara nma,neutral
kak nanyaa tanda suami tau gaa kak,negative
cerita mimpi ku remajasumpah laki laki datangin ulang kali ajaganteng masyaallah biasatapi mimpi dy ketindihantapi tindih hubung laki laki itupas lihat wajah sumpah pocidan takut nang karna posisi k tindih knmakan klw lihat filem horor poci takut bencitrauma,positive
mimpiin lelaki suka nama saikal inget nmanya saikal mimpi dunia nyataa nggk sihhh turut mimpi indahh mimpi nggk,neutral
pas banget sabtu,positive
awesome,neutral
wahh keren banget si kalo cerita bioskop mntp banget,positive
tiara lont moga lu cerai,neutral
sed banget kak nadia omara kali bikin sed kak hehehe biar pas malem habis takut takut langsung nang nangissan kak moga baca,neutral
hubung badan berat maaf,negative
alami mimpi ajak terbang laki ganteng wangi semerbak wangi khas ad bumi meni hilang alhamdulillah ruqyah,neutral
plotwis suami nonton,neutral
ganteng sii ken jumpa,negative
hhmm ngebayanginnya koq enak banget sampe hamil nikah,positive
bayang anak kalo tau anak jin,negative
lucu banget cra bicara,positive
bikin ak baper merinding,positive
telat,negative
tunang meni mimpi anak mimpi minggu meni bener gimana,neutral
gmna suami tiara cerita kakak nadia suami tau bhwa tiara bersetebuh sosok mimpi,negative
cerita fizzo samapersis,positive
cerita alami beda mimpi mantan temu dgnya ingat ajha mimpi dgnya temu dgnya pasang hidup,neutral
halo kak denger cerita kilas tetangga ku rumah tahun fyi beliau tinggal denger cerita alm suka noni belanda hantu mimpi hubung badan lihat noni belnda tapiiiii nenek nenek wallohualam moga alm tenang sana aamiin,positive
tim nonton bosan,neutral
bilang bohong alami tiara beda cowok,neutral
bagus banget kak kalok cerita sampaimembuat bayang cerita lampir kak nadia sosmed,positive
gimana reaksi keluarga ngeliat anak kak tiara bapak apalagisuami tau muka asli si pria mimpi sumpah ih guys kalo cerita aneh luar nalar dengerin kasih solusi orang suka pendam takut bikin sengsara kesi kak tiara moga kuat rajin dekat allah jauh negatif jin loh kak manusia asli kakak suka jin,negative
baca komennya males nonton pdhal komennya seru dll tau ngerasa sebel tiara ken ngerukiah ken gmna gtuuu hubung badan,negative
gilaaa ini ceritaaa kereen banget hujung tau akuuuuuu,negative
enak nikahin jin tampan woeeee jin jin cakep nikahin gue,negative
seru banget,positive
plis suruh tiara tes dna anak,negative
pls film sieeh seru banget anjir,positive
penasaran muka anak,positive
laki tiara sampe ngga tau,negative
si cowo pangeran alam manusia setan jin,neutral
jujur pernh mimpi temu almarhum istri suami aqdlm mimpi dtng barang ikat pingang msh plastik almarhum istri pesan jaga barang jgn kasih kn orang pernh jumpa almarhum kenp mimpi nadia tahun llu bangun jam malam klau salh puasa heran campur bingung tlpn suami cerita kn mimpi,neutral
merinding kali denger,positive
tiara gedeg banget,positive
kakak mimpi laki ganteng genderewo bawa ku obat ustad terahir lalak ubah wujud rem samaperempuan bilang benci karna cantik mati lupa kalo ngurung,neutral
pagi jam pagi dengar cerita kak nadia lantai rumah emakku setrika lantai barusan banget emakku cerita kalo makku lihat tangga cowok cowok pakai sultan pake baju adat malaysia warna baju merah pinggang lilit kain warna merah pakai adat malaysia coba cari google pas dengar cerita pagi dengarin cerita gin emakku ganteng ma gimana wajah makku tau mama lihat nangkring tangga wajah lihat mama mama lihat pas indonesia lucu btw posisi makku lantai denger nonton video nadia,positive
kesel banget laki mimpi,positive
naudzubillahimindzalik ajar tebal iman mudah kena tipu daya jin setan moga hindar kak tiara alami moga teguh iman taat allah,negative
suka banget nonton vidio ini kakak emang berulangkali nonton emang suka bnget,positive
ending cerita ngegantung,positive
percayaatapi kali cerita banget novel app belah hehehe beda novel gd tiri ny,neutral
ingin maki si tiara sumpah,neutral
hidup dunia bumi dunia bener kaget bingung percaya posisi kak tiara bener mimpi bingung ngatasi gimana sehat deh kak tiara,neutral
pingin tau coba tes darah tes dna anak kembar nurun dna waaakk,positive
nonton ep yng turut janji keluarga tiara bangsa jin neneky tau karna awal tiara mimpi nenek marah,neutral
tiara gatel lu tau om ganteng,negative
nauzubillahiminzalik moga istri gw kak tiara goda lelaki dunia mimpi fatal hubung badan manusia dunia bayang suami gimana reaksi tau mimpi tiara,neutral
keren cerita kak kasi kak tiara,positive
cerita kakak nadia donk gmn,positive
tiara freak banget niat pen rukiah gatal kau tiara,negative
banyaknyasaya alami alami alam mimpi percya mts puncak mimpi ajak nikah ritual leher gigit persis gigit ular pas bangun tidur gigit persis gigitsn ular ruqyah nyata alami banyak amalian dzikir cerita keluarga nggk percya yaudah jadi alam cerita tuang alami novel,neutral
seru bangetttttt langsung tarik film,positive
kesini gara tiktok g,neutral
sbenar laki laki penasaran denger kesal knapa tiara ruqiyah maaf telat banget nonton,positive
turut fantasi tulis kak,neutral
emang anjing tiara,negative
full merindinggg tapi sukaa ngebayangin si pria ganteng suka pgn ngalamin guys,neutral
takutin,neutral
alami gabisa beda mimpi nyata mimpi pakai kebaya ulang acara nikah cengkraman tangan nafas telinga peristiwa gila bingung putus meni kali mimpi gerak badan ku buka pintu tarik gorden kamar masuk kamar orang marah tekan dada sulit nafas malam bunuh ku bawa gerak jari kaki hati baca doa bangun reflex pegang badan penuh bulu tekan dada ku nafas coba gerak jari kaki baca ayat suci alquran hasil bangun langsung lari kamar takut meni gugur x anak pulang rumah lahir anak menang kejer tidur bekas kamar gadis anak menagis pojok jendela kamar rasa takut menang bingung gatau dada sesak ken teriak,neutral
denger cerita hilang bangun langsung hamil gmn cerita,negative
baca novel cerita cerita tiara cuman novel laki siluman ular mahkota biru,neutral
suami tiara lihat cerita tau cerita cerita istri tanda jari pundak tiara kekmana asa suami tiara,negative
sumpah seru,positive
ken lihat foto tanda penisirin,positive
dlu ngalamin umur th mandi magrib diliatin sosok anak laki umur truss abis mimpi ajak pergi gamau ajak main mimpi ulang bawa kyai ktnya suka truss smpe umur mimpi alhamdulilah karna ngga kampung ngrantau pulang takut,neutral
gue cerita tiara ceritain kakak nadia suami tau anak kembar laki mimpi wkwk,positive
ceriya nyata karang,negative
kali pikir gamasuk akal ko adaptasi dunia beda ntah emang untung gbisa berkatakata drama sulit tebak,neutral
suami tiara nonton gmna asa kalo tau anak kandung anak suami tiara nonton sadar cerita istri nama samar cerita ubah,neutral
aneh banget bilang cerita seru creapy woiii lepas ngarang beneran jadi si tiara buka keluarga cerita kakek anggap serius pilih diem bas bego akal main banget coba cerita nenek tanggap kekek kalo berhungan goib seru bahaya sampe anak jin butuh tolong si tiara sehat,positive
nonton malam jumat kliwonpengen tiara dunia nyata hnya main,neutral
mimpi mimpi salah mimpi kelas sd pas selesai haid kali raja gunung emang pulau jawa,neutral
good bnget kakk,negative
cerita cerita sepupu kak nama sepupu dian malam ganggu laki ad mimpi,neutral
suka jin untung meni slah ciri orang suka jin jarang pacar suka sendiri tau koreksi kalo salah,neutral
cerita suka seru banget sedih denger ny,positive
cerita turut seru cerita lucanne lynn serasa bawa dunia fantasi rem seru,positive
suami sadar anak laki kn laki mimpi suami,neutral
gw nonton gilakkk seru bgtt moga lindung aamiin aamiinnn,positive
seruuuu,neutral
merinding suka banget dengerin cerita,positive
kaa nadiaa tolong nyaa penasaran banget gimana lanjut anak mama ngga mimpi si pangeran,positive
makhluk cantik beracuniblis tipu dayanyasering mimpi sesat labirin hasil keluarmimpi tengah labirin jalan rumit jalan keluar sembunyi,neutral
keren cerita bayang kalo tiara cerita nenek nenek mimpi tiara cerita nenek nenek anggap mimpi mimpi,positive
bermaskud apa kasi suami kak tiarauntungnya beliau taabah sabar,negative
real aneh kecewa tiara usaha lepas mending jujur usaha lepas jalin hubung sosok haram,negative
kecewa gua si tiaraa,negative
cerita baik nonton video kak nadia,positive
 slah cerita prnah baca fizzo novel ,neutral
cerita banget novel ku baca,neutral
tiara dosa banget karna biar aneh banget mimpi mulu dewasa loh tindak lakuin tiara tiara nalar nul banget feeling anak mati karna mimpi aneh banget manusia nalar insting denger cerita miris banget kasi calon calon bayi kena sepah karna biar tiara kalo kata tiara lo dongo banget manusia,positive
sumpah apa kak nad beneran kisah benerbener mikir kisah beneran nyata halusinasi gila gila gila beneran bagus banget mikir tiara anakanak kembar tiara lakilaki mimpi tiara tiara komunikasi mimpi sosok lakilaki mimpi tolong lanjutin kisah nyesel nonton,negative
cuman gw doang emosi ama tiaragoblok banget gamau cerita mimpi salah coba cerita doang pdhal kn dalang balik smua gugur anjjgabisa gw sabar gw batas tisu,positive
nonton tiara sdh ikat si lakilaki gmna asa laki tau anak kembar lakilaki mimpi hancur sang istri milik jin lakilaki mimpi jujur suami biar solusi rukiyah,negative
gila dengar cerita orng obsesi,negative
jin kakak,negative
cerita indah banget seram,positive
suami nonton nadia omara gmn nama samar kisah tebak ngalamin,neutral
selingkuh tetepla selingkuh selingkuh jin lucu,negative
kasihan suami mu tiara milik mu utuh,negative
seram romantis sedih,positive
suka baju kak naddr sekian epiini pling ku suka,neutral
cerita hororini cerita selingkuh,positive
tiara jijik,neutral
rewatch kgen,positive
plotholenya cerita inifiksi,positive
kasihan ama suaminyaa,negative
pas sampe hubung badan jujur kecewa banget si tiara lgsg keinget suaminyaa kasiaaan banget suami langsung diselingkuhin istri usaha anak hubung halaleh hubung si istri jin dahlahhh,negative
mimpi hubung badan orang mimpi kali mimpi kali gimana biar mimpi,neutral
baju bagus,positive
seru banget denger cerita nge gym,positive
rewatch s penasaran banget gmn suami tiara dunia asli anak suami gaib,positive
dengar sumpah bawa dunia fantasi bagus banget cerita,positive
efic banget crtanyaaa bjirr kalo bikin film seruuuu,positive
jin takut,negative
baca cerita cerita difizzo noveljudulnya hamil anak pangeran novel angkat cerita nyata,neutral
kak kabar tiara,neutral
penasaran tiara ikat si pangeran nenek moyang janji larang batas jatuh cinta orang dunia ajar ambil cerita ganjal hidup biar solusi derita,positive
gw ngebayangin sunghoon ma wonyounggg pls,negative
cinta kali cerita kak nadia asa dengerin kawan ghibah,positive
gilk cerita kak nadi cerita wawakkita enddebeds,positive
tolonginn adeku umur th mimpi umur th persis tiara weeyyyyy bohong,neutral
mantaaap cerita mimpi basah selingkuh air terjun mimpi nyata mak nyooos,neutral
penasaran anak ganteng,positive
favorit x cerita upload sampe rewatch ulang karna seru,positive
mantappp mas penasaran anak beuhh keren banget kalo cerita bioskop mantap,positive
gilaaa seruu banget cerita kali woy,negative
rem banget dahh langsung tiara nikah jin gasihh,negative
kak penasaran tiara anak dngan ayah dunia coba kak tanyain tiara ketemuin anak ayah goib nyadan coba bilang k tiara surh ruqiah hasil ruqiah,neutral
takut penasaran,positive
mendengarkanberasa nonton film ttg kerajaansemoga tiara bahagia keluargamb nadia hebat banget bawa ceritanyajadi masuk,positive
penasaran ama anak kembar tiara cowo ganteng anak kembar ganteng,positive
penasarann banget siapaaa nama asli tiaraa pngen nyari akun ig nyaa mo lihat anak nyaa,positive
kasihan suami,negative
sasimo tiara,neutral
bener bener panasaram muka anak,positive
cerita novel fizzo,neutral
absen nov,neutral
